feature_id,features,propertyType,zoning
0,"{""architectureType"": ""Conventional"", ""cooling"": true, ""coolingType"": ""Commercial"", ""exteriorType"": ""Wood"", ""fireplace"": true, ""floorCount"": 1, ""garage"": true, ""garageType"": ""Garage"", ""heating"": true, ""heatingType"": ""Forced Air"", ""roofType"": ""Composition Shingle"", ""unitCount"": 1}",Single Family,R1
1,"{""cooling"": true, ""coolingType"": ""Central"", ""exteriorType"": ""Siding"", ""fireplace"": true, ""fireplaceType"": ""Masonry"", ""floorCount"": 2, ""foundationType"": ""Slab / Mat / Raft"", ""garage"": true, ""garageType"": ""Attached"", ""heating"": true, ""heatingType"": ""Central"", ""roofType"": ""Shingle"", ""unitCount"": 1}",Single Family,MDR
2,{},Unknown,Unknown
3,{},Single Family,Unknown
4,"{""architectureType"": ""Townhouse"", ""cooling"": true, ""coolingType"": ""Commercial"", ""exteriorType"": ""Siding"", ""fireplace"": true, ""floorCount"": 2, ""garage"": true, ""garageSpaces"": 1, ""garageType"": ""Attached"", ""heating"": true, ""heatingType"": ""Forced Air"", ""roofType"": ""Composition Shingle"", ""unitCount"": 1}",Single Family,NT
5,"{""architectureType"": ""Ranch / Rambler"", ""cooling"": true, ""coolingType"": ""Central"", ""exteriorType"": ""Wood"", ""fireplace"": true, ""floorCount"": 1, ""foundationType"": ""Concrete"", ""garage"": true, ""garageSpaces"": 2, ""garageType"": ""Attached Garage"", ""heating"": true, ""heatingType"": ""Forced Air"", ""roofType"": ""Composition Shingle"", ""unitCount"": 1}",Single Family,R10
6,"{""architectureType"": ""Traditional"", ""cooling"": true, ""coolingType"": ""Central"", ""exteriorType"": ""Brick Veneer"", ""fireplace"": true, ""floorCount"": 1, ""foundationType"": ""Slab / Mat / Raft"", ""garage"": true, ""garageSpaces"": 1, ""garageType"": ""Detached"", ""heating"": true, ""heatingType"": ""Central"", ""pool"": true, ""roomCount"": 7, ""unitCount"": 1}",Single Family,Unknown
7,"{""floorCount"": 1}",Single Family,Unknown
8,"{""cooling"": true, ""coolingType"": ""Central"", ""heating"": true, ""heatingType"": ""Central"", ""unitCount"": 1}",Land,Unknown
9,"{""architectureType"": ""Bungalow"", ""fireplace"": true, ""floorCount"": 1, ""foundationType"": ""Raised"", ""roomCount"": 5, ""unitCount"": 1}",Single Family,INC
10,"{""floorCount"": 1, ""pool"": true, ""poolType"": ""Pool and Hot Tub / Spa"", ""unitCount"": 1}",Single Family,MARCO
11,"{""cooling"": true, ""coolingType"": ""Commercial"", ""exteriorType"": ""Brick"", ""floorCount"": 1, ""foundationType"": ""Block"", ""garage"": true, ""garageType"": ""Garage"", ""heating"": true, ""heatingType"": ""Heat Pump"", ""roofType"": ""Composition Shingle"", ""roomCount"": 7}",Single Family,R1
12,"{""floorCount"": 2, ""unitCount"": 1}",Single Family,R
13,NaN,Single Family,Unknown
14,"{""cooling"": true, ""coolingType"": ""Central"", ""exteriorType"": ""Aluminum / Vinyl Siding"", ""floorCount"": 1, ""heating"": true, ""heatingType"": ""Central"", ""roomCount"": 5}",Single Family,Unknown
15,"{""floorCount"": 2, ""garage"": true, ""garageType"": ""Garage"", ""unitCount"": 1}",Single Family,R2
16,"{""architectureType"": ""Ranch"", ""cooling"": true, ""coolingType"": ""Central"", ""exteriorType"": ""Aluminum / Vinyl Siding"", ""floorCount"": 1, ""foundationType"": ""Raised"", ""garage"": true, ""garageSpaces"": 3, ""garageType"": ""Garage"", ""heating"": true, ""heatingType"": ""Heat Pump"", ""roofType"": ""Composition Shingle"", ""roomCount"": 6, ""unitCount"": 1}",Single Family,R-2
17,"{""cooling"": true, ""coolingType"": ""Central"", ""exteriorType"": ""Other"", ""fireplace"": true, ""fireplaceType"": ""Prefab"", ""floorCount"": 1, ""foundationType"": ""Other"", ""garage"": true, ""garageSpaces"": 2, ""garageType"": ""Garage"", ""heating"": true, ""heatingType"": ""Central"", ""roofType"": ""Asphalt"", ""unitCount"": 1}",Single Family,CR1
18,"{""architectureType"": ""Condo / Apartment"", ""cooling"": true, ""coolingType"": ""Refrigeration"", ""exteriorType"": ""Wood"", ""floorCount"": 1, ""garage"": true, ""garageType"": ""Garage"", ""heating"": true, ""heatingType"": ""Forced Air"", ""roofType"": ""Asphalt"", ""roomCount"": 3, ""unitCount"": 1}",Single Family,M-L
19,"{""cooling"": true, ""coolingType"": ""Central"", ""exteriorType"": ""Brick Veneer"", ""floorCount"": 1, ""foundationType"": ""Slab / Mat / Raft"", ""garage"": true, ""garageSpaces"": 1, ""garageType"": ""Attached"", ""heating"": true, ""heatingType"": ""Central"", ""roofType"": ""Composition Shingle"", ""unitCount"": 1}",Single Family,Z309
20,"{""architectureType"": ""Two Family"", ""exteriorType"": ""Aluminum / Vinyl Siding"", ""floorCount"": 3, ""heating"": true, ""heatingType"": ""Hot Water"", ""roofType"": ""Asphalt"", ""roomCount"": 10, ""unitCount"": 2}",Duplex-Triplex,R1
21,"{""architectureType"": ""Split Foyer"", ""cooling"": true, ""coolingType"": ""Commercial"", ""exteriorType"": ""Metal"", ""fireplace"": true, ""fireplaceType"": ""Prefab"", ""foundationType"": ""Block"", ""garage"": true, ""garageType"": ""Attached"", ""heating"": true, ""heatingType"": ""Forced Air"", ""roofType"": ""Asphalt"", ""unitCount"": 1}",Single Family,Unknown
22,"{""architectureType"": ""Bi-Level"", ""cooling"": true, ""coolingType"": ""Central"", ""exteriorType"": ""Wood"", ""fireplace"": true, ""floorCount"": 1, ""foundationType"": ""Concrete"", ""garage"": true, ""garageSpaces"": 1, ""garageType"": ""Attached"", ""heating"": true, ""heatingType"": ""Central"", ""pool"": true, ""unitCount"": 1}",Single Family,R100
23,"{""architectureType"": ""Ranch"", ""cooling"": true, ""coolingType"": ""Central"", ""exteriorType"": ""Wood"", ""fireplace"": true, ""floorCount"": 1, ""garage"": true, ""garageType"": ""Garage"", ""heating"": true, ""heatingType"": ""Hot Water"", ""roomCount"": 6, ""unitCount"": 1}",Single Family,88R-1
24,"{""architectureType"": ""Conventional"", ""cooling"": true, ""coolingType"": ""Commercial"", ""floorCount"": 1, ""garage"": true, ""garageSpaces"": 1, ""garageType"": ""Garage"", ""heating"": true, ""heatingType"": ""Central"", ""roomCount"": 9, ""unitCount"": 1}",Single Family,CVR171/2
25,"{""floorCount"": 1, ""garage"": true, ""garageSpaces"": 1, ""garageType"": ""Carport"", ""pool"": true, ""roomCount"": 5, ""unitCount"": 1}",Duplex-Triplex,Unknown
26,"{""architectureType"": ""Duplex"", ""floorCount"": 2, ""unitCount"": 2}",Duplex-Triplex,R6
27,"{""cooling"": true, ""coolingType"": ""Central"", ""fireplace"": true, ""floorCount"": 1, ""garage"": true, ""garageSpaces"": 2, ""garageType"": ""Attached"", ""heating"": true, ""heatingType"": ""Central"", ""roofType"": ""Tile"", ""unitCount"": 1}",Single Family,Unknown
28,"{""cooling"": true, ""coolingType"": ""Central"", ""exteriorType"": ""Brick Veneer"", ""fireplace"": true, ""fireplaceType"": ""Prefab"", ""floorCount"": 2, ""foundationType"": ""Slab / Mat / Raft"", ""heating"": true, ""heatingType"": ""Central"", ""roofType"": ""Composition Shingle"", ""unitCount"": 1}",Single Family,HDR
29,"{""architectureType"": ""Conventional"", ""cooling"": true, ""coolingType"": ""Commercial"", ""exteriorType"": ""Wood"", ""fireplace"": true, ""fireplaceType"": ""2 Story Brick Chimney"", ""floorCount"": 2, ""garage"": true, ""garageSpaces"": 2, ""garageType"": ""Attached Garage"", ""heating"": true, ""heatingType"": ""Forced Air"", ""roofType"": ""Composition Shingle"", ""unitCount"": 1}",Single Family,R90
30,NaN,Apartment,Unknown
31,"{""floorCount"": 1, ""garage"": true, ""garageType"": ""Garage"", ""heating"": true, ""roomCount"": 5, ""unitCount"": 1}",Single Family,R1-8
32,"{""architectureType"": ""Conventional"", ""cooling"": true, ""coolingType"": ""Commercial"", ""floorCount"": 1, ""garage"": true, ""garageSpaces"": 1, ""garageType"": ""Garage"", ""heating"": true, ""heatingType"": ""Central"", ""roomCount"": 5, ""unitCount"": 1}",Single Family,LAR1
33,"{""architectureType"": ""Bungalow"", ""cooling"": true, ""coolingType"": ""Central"", ""exteriorType"": ""Brick"", ""floorCount"": 1, ""garage"": true, ""garageSpaces"": 1, ""garageType"": ""Carport"", ""heating"": true, ""heatingType"": ""Forced Air"", ""roomCount"": 8, ""unitCount"": 1, ""foundationType"": ""Raised""}",Single Family,49R3
34,"{""cooling"": true, ""coolingType"": ""Central"", ""exteriorType"": ""Stucco"", ""fireplace"": true, ""floorCount"": 3, ""foundationType"": ""Slab"", ""garage"": true, ""garageSpaces"": 2, ""garageType"": ""Attached"", ""heating"": true, ""heatingType"": ""Central"", ""roomCount"": 9}",Single Family,Unknown
35,"{""architectureType"": ""Ranch"", ""cooling"": true, ""coolingType"": ""Commercial"", ""exteriorType"": ""Brick"", ""floorCount"": 1, ""garage"": true, ""garageType"": ""Detached"", ""heating"": true, ""heatingType"": ""Forced Air"", ""roomCount"": 5, ""unitCount"": 1}",Single Family,RS6
36,"{""cooling"": true, ""coolingType"": ""Commercial"", ""fireplace"": true, ""floorCount"": 1, ""foundationType"": ""Slab / Mat / Raft"", ""garage"": true, ""garageSpaces"": 1, ""garageType"": ""Attached"", ""heating"": true, ""heatingType"": ""Central"", ""roofType"": ""Composition Shingle"", ""unitCount"": 1}",Single Family,Unknown
37,"{""architectureType"": ""Condo / Apartment"", ""cooling"": true, ""coolingType"": ""Refrigeration"", ""exteriorType"": ""Wood"", ""floorCount"": 2, ""garage"": true, ""garageSpaces"": 1, ""garageType"": ""Carport"", ""heating"": true, ""heatingType"": ""Forced Air"", ""roofType"": ""Asphalt"", ""roomCount"": 4, ""unitCount"": 1, ""pool"": true, ""poolType"": ""Community Pool""}",Condo,M-H
38,"{""architectureType"": ""Ranch"", ""cooling"": true, ""coolingType"": ""Commercial"", ""exteriorType"": ""OTHER"", ""floorCount"": 1, ""heating"": true, ""heatingType"": ""Forced Air"", ""roofType"": ""Composition Shingle"", ""unitCount"": 1}",Single Family,Unknown
39,"{""cooling"": true, ""coolingType"": ""Commercial"", ""exteriorType"": ""Other"", ""floorCount"": 1, ""foundationType"": ""OTHER"", ""garage"": true, ""garageType"": ""Attached"", ""heating"": true, ""roofType"": ""Tile""}",Single Family,Unknown
40,"{""architectureType"": ""Other"", ""cooling"": true, ""coolingType"": ""Central"", ""exteriorType"": ""Aluminum / Vinyl Siding"", ""fireplace"": true, ""floorCount"": 2, ""garage"": true, ""garageSpaces"": 2, ""garageType"": ""Attached Garage"", ""heating"": true, ""heatingType"": ""Central"", ""unitCount"": 1}",Single Family,R1-2
41,"{""cooling"": true, ""coolingType"": ""Central"", ""exteriorType"": ""Brick Veneer"", ""floorCount"": 2, ""foundationType"": ""Slab / Mat / Raft"", ""garage"": true, ""garageType"": ""Attached"", ""heating"": true, ""heatingType"": ""Central"", ""roofType"": ""Composition Shingle""}",Single Family,Unknown
42,NaN,Condo,Unknown
43,"{""cooling"": true, ""coolingType"": ""Commercial"", ""exteriorType"": ""Aluminum / Vinyl Siding"", ""fireplace"": true, ""floorCount"": 1, ""foundationType"": ""OTHER"", ""heating"": true, ""heatingType"": ""Forced Air"", ""roofType"": ""Composition Shingle"", ""roomCount"": 5}",Single Family,R2
44,"{""cooling"": true, ""coolingType"": ""Central"", ""exteriorType"": ""Concrete Block"", ""floorCount"": 1, ""foundationType"": ""Retaining Wall"", ""garage"": true, ""garageType"": ""Garage"", ""heating"": true, ""heatingType"": ""Central"", ""roofType"": ""Shingle"", ""unitCount"": 1}",Single Family,Unknown
45,"{""cooling"": true, ""coolingType"": ""Central"", ""exteriorType"": ""Stucco"", ""floorCount"": 2, ""garage"": true, ""garageType"": ""Built-in"", ""heating"": true, ""heatingType"": ""Forced Air"", ""roofType"": ""Tile"", ""roomCount"": 7, ""unitCount"": 1}",Single Family,Unknown
46,{},Duplex-Triplex,Unknown
47,"{""cooling"": true, ""coolingType"": ""Central"", ""fireplace"": true, ""floorCount"": 2, ""foundationType"": ""Raised"", ""garage"": true, ""garageSpaces"": 2, ""garageType"": ""Attached"", ""heating"": true, ""heatingType"": ""Central"", ""roofType"": ""Asphalt"", ""roomCount"": 7, ""unitCount"": 1}",Single Family,Unknown
48,"{""cooling"": true, ""coolingType"": ""Central"", ""exteriorType"": ""Brick"", ""floorCount"": 1, ""foundationType"": ""Slab / Mat / Raft"", ""garage"": true, ""garageType"": ""Attached"", ""heating"": true, ""heatingType"": ""Central"", ""roofType"": ""Composition Shingle""}",Single Family,Unknown
49,"{""exteriorType"": ""Aluminum / Vinyl Siding"", ""floorCount"": 2, ""foundationType"": ""Pier"", ""roofType"": ""Roll Composition""}",Manufactured,COMMERCIAL
50,"{""architectureType"": ""Ranch"", ""fireplace"": true, ""floorCount"": 1, ""garage"": true, ""garageSpaces"": 2, ""garageType"": ""Mixed"", ""heating"": true, ""heatingType"": ""Baseboard"", ""roofType"": ""Asphalt"", ""roomCount"": 6, ""unitCount"": 1}",Single Family,R3:RES/2 FAM DWEL
51,"{""cooling"": true, ""coolingType"": ""Central"", ""exteriorType"": ""Stucco"", ""fireplace"": true, ""floorCount"": 2, ""garage"": true, ""garageSpaces"": 2, ""garageType"": ""Built-in"", ""heating"": true, ""heatingType"": ""Forced Air"", ""roofType"": ""Tile"", ""roomCount"": 7, ""unitCount"": 1, ""architectureType"": ""2+ Story""}",Single Family,Unknown
52,"{""cooling"": true, ""coolingType"": ""Central"", ""exteriorType"": ""Brick Veneer"", ""fireplace"": true, ""fireplaceType"": ""Single"", ""floorCount"": 1, ""foundationType"": ""Slab / Mat / Raft"", ""garage"": true, ""garageType"": ""Attached"", ""heating"": true, ""heatingType"": ""Central"", ""roofType"": ""Shingle""}",Single Family,Unknown
53,"{""architectureType"": ""Ranch"", ""cooling"": true, ""coolingType"": ""Central"", ""exteriorType"": ""Siding"", ""floorCount"": 1, ""foundationType"": ""Slab / Mat / Raft"", ""garage"": true, ""garageType"": ""Attached"", ""heating"": true, ""heatingType"": ""Central"", ""roofType"": ""Composition Shingle""}",Single Family,RES
54,"{""exteriorType"": ""Concrete Block"", ""floorCount"": 2, ""foundationType"": ""Other"", ""heating"": true, ""roofType"": ""Other"", ""roomCount"": 6, ""unitCount"": 1}",Single Family,Unknown
55,"{""architectureType"": ""Ranch"", ""cooling"": true, ""floorCount"": 1, ""garage"": true, ""garageType"": ""Attached"", ""heating"": true, ""heatingType"": ""Package"", ""coolingType"": ""Commercial""}",Single Family,RS-10
56,"{""architectureType"": ""Ranch / Rambler"", ""cooling"": true, ""coolingType"": ""Commercial"", ""exteriorType"": ""Wood"", ""fireplace"": true, ""floorCount"": 1, ""foundationType"": ""Concrete"", ""garage"": true, ""garageSpaces"": 1, ""garageType"": ""Attached Garage"", ""heating"": true, ""heatingType"": ""Forced Air"", ""roofType"": ""Composition Shingle"", ""roomCount"": 4, ""unitCount"": 1}",Single Family,Unknown
57,"{""architectureType"": ""Ranch"", ""exteriorType"": ""Brick"", ""floorCount"": 1, ""roomCount"": 6, ""unitCount"": 1}",Single Family,Unknown
58,"{""architectureType"": ""Conventional"", ""floorCount"": 1, ""garage"": true, ""garageSpaces"": 1, ""garageType"": ""Garage"", ""heating"": true, ""heatingType"": ""Central"", ""roomCount"": 10, ""unitCount"": 1}",Single Family,CLRS10000*
59,"{""architectureType"": ""Bungalow"", ""cooling"": true, ""coolingType"": ""Central"", ""exteriorType"": ""Aluminum / Vinyl Siding"", ""floorCount"": 1, ""foundationType"": ""Raised"", ""garage"": true, ""garageType"": ""Mixed"", ""heating"": true, ""heatingType"": ""Central"", ""roomCount"": 6, ""unitCount"": 1}",Single Family,Unknown
60,"{""architectureType"": ""Contemporary"", ""cooling"": true, ""coolingType"": ""Central"", ""exteriorType"": ""Asbestos Shingle"", ""floorCount"": 1, ""foundationType"": ""Slab / Mat / Raft"", ""garage"": true, ""garageSpaces"": 1, ""garageType"": ""Attached"", ""heating"": true, ""heatingType"": ""Forced Air"", ""roofType"": ""Asphalt"", ""roomCount"": 6, ""unitCount"": 1}",Single Family,Unknown
61,"{""cooling"": true, ""coolingType"": ""Central"", ""garage"": true, ""garageSpaces"": 2, ""garageType"": ""Basement"", ""heating"": true, ""heatingType"": ""Central"", ""roomCount"": 6, ""unitCount"": 1}",Single Family,RT00PD
62,"{""unitCount"": 1}",Manufactured,HC
63,"{""exteriorType"": ""Siding"", ""fireplace"": true, ""fireplaceType"": ""2 Story"", ""floorCount"": 2, ""garage"": true, ""garageSpaces"": 2, ""garageType"": ""Detached"", ""heating"": true, ""heatingType"": ""Electric"", ""roofType"": ""Composition Shingle"", ""unitCount"": 1, ""foundationType"": ""Crawl / Raised""}",Single Family,1-R
64,"{""exteriorType"": ""Vinyl"", ""garage"": true, ""garageType"": ""Garage""}",Single Family,BERKELEY COUNTY - PD-MU
65,"{""cooling"": true, ""coolingType"": ""Commercial"", ""exteriorType"": ""Vinyl"", ""floorCount"": 1, ""foundationType"": ""Block"", ""garage"": true, ""garageSpaces"": 1, ""garageType"": ""Garage"", ""heating"": true, ""heatingType"": ""Heat Pump"", ""roofType"": ""Composition Shingle"", ""roomCount"": 5, ""unitCount"": 1}",Single Family,R2 GENERAL RESIDENTIAL
66,"{""architectureType"": ""Other"", ""cooling"": true, ""coolingType"": ""Commercial"", ""exteriorType"": ""Brick Veneer"", ""fireplace"": true, ""fireplaceType"": ""Single"", ""floorCount"": 2, ""foundationType"": ""Retaining Wall"", ""garage"": true, ""garageSpaces"": 2, ""garageType"": ""Attached"", ""heating"": true, ""heatingType"": ""Forced Air"", ""roofType"": ""Asphalt"", ""roomCount"": 8, ""unitCount"": 1}",Single Family,AF0
67,"{""cooling"": true, ""coolingType"": ""Central"", ""exteriorType"": ""Concrete Block"", ""floorCount"": 1, ""garage"": true, ""garageSpaces"": 1, ""garageType"": ""Detached"", ""heating"": true, ""heatingType"": ""Forced Air"", ""roofType"": ""Composition Shingle"", ""unitCount"": 1}",Single Family,RLD-90
68,"{""floorCount"": 2}",Single Family,Unknown
69,"{""architectureType"": ""Condo / Apartment"", ""cooling"": true, ""coolingType"": ""Commercial"", ""exteriorType"": ""Masonry"", ""floorCount"": 1, ""garage"": true, ""garageType"": ""Carport"", ""heating"": true, ""pool"": true, ""unitCount"": 1, ""viewType"": ""Average""}",Condo,Unknown
70,{},Land,Unknown
71,"{""cooling"": true, ""coolingType"": ""Central"", ""exteriorType"": ""Brick Veneer"", ""fireplace"": true, ""floorCount"": 2, ""garage"": true, ""garageType"": ""Attached"", ""heating"": true, ""heatingType"": ""Forced Air"", ""roofType"": ""Asphalt"", ""roomCount"": 8, ""unitCount"": 1, ""foundationType"": ""OTHER""}",Single Family,Unknown
72,"{""architectureType"": ""Bungalow"", ""cooling"": true, ""coolingType"": ""Commercial"", ""exteriorType"": ""Wood"", ""fireplace"": true, ""floorCount"": 2, ""foundationType"": ""Stone"", ""garage"": true, ""garageType"": ""Detached"", ""heating"": true, ""heatingType"": ""Forced Air"", ""roofType"": ""Composition Shingle"", ""roomCount"": 6, ""unitCount"": 1}",Single Family,R1
73,"{""architectureType"": ""Split Level"", ""cooling"": true, ""coolingType"": ""Commercial"", ""exteriorType"": ""Siding"", ""fireplace"": true, ""floorCount"": 2, ""garage"": true, ""garageType"": ""Garage"", ""heating"": true, ""heatingType"": ""Forced Air"", ""roofType"": ""Composition Shingle"", ""unitCount"": 1}",Single Family,Unknown
74,"{""exteriorType"": ""Shingle"", ""floorCount"": 1, ""foundationType"": ""OTHER"", ""garage"": true, ""garageSpaces"": 1, ""garageType"": ""Detached"", ""heating"": true, ""heatingType"": ""Forced Air"", ""roofType"": ""Asphalt"", ""unitCount"": 1}",Single Family,R1
75,"{""architectureType"": ""Bi-Level"", ""cooling"": true, ""coolingType"": ""Central"", ""exteriorType"": ""Wood"", ""fireplace"": true, ""fireplaceType"": ""Single"", ""floorCount"": 1, ""foundationType"": ""OTHER"", ""garage"": true, ""garageSpaces"": 2, ""garageType"": ""Basement"", ""heating"": true, ""heatingType"": ""Forced Air"", ""roofType"": ""Composition Shingle"", ""roomCount"": 6}",Single Family,R-1
76,"{""floorCount"": 1, ""garage"": true, ""garageSpaces"": 2, ""garageType"": ""Garage"", ""roomCount"": 5, ""unitCount"": 1}",Single Family,Unknown
77,"{""cooling"": true, ""coolingType"": ""Central"", ""exteriorType"": ""Brick"", ""floorCount"": 2, ""foundationType"": ""Slab / Mat / Raft"", ""garage"": true, ""garageType"": ""Attached"", ""heating"": true, ""heatingType"": ""Central"", ""roofType"": ""Composition Shingle""}",Single Family,Unknown
78,"{""cooling"": true, ""coolingType"": ""Commercial"", ""exteriorType"": ""Concrete Block"", ""floorCount"": 1, ""foundationType"": ""Slab / Mat / Raft"", ""garage"": true, ""garageType"": ""Attached"", ""heating"": true, ""heatingType"": ""Forced Air"", ""roofType"": ""Fiberglass"", ""roomCount"": 7, ""unitCount"": 1}",Single Family,RS-2 PSL
79,{},Apartment,Unknown
80,"{""cooling"": true, ""coolingType"": ""Refrigeration"", ""exteriorType"": ""Wood"", ""floorCount"": 2, ""garage"": true, ""garageSpaces"": 3, ""garageType"": ""Garage"", ""heating"": true, ""heatingType"": ""Forced Air"", ""roofType"": ""Other"", ""roomCount"": 11, ""unitCount"": 1}",Single Family,PAD
81,"{""architectureType"": ""Ranch"", ""exteriorType"": ""Wood"", ""floorCount"": 1, ""garage"": true, ""garageType"": ""Attached"", ""heating"": true, ""heatingType"": ""Forced Air"", ""roofType"": ""Composition Shingle"", ""unitCount"": 1}",Single Family,Unknown
82,"{""architectureType"": ""Traditional"", ""cooling"": true, ""coolingType"": ""Central"", ""exteriorType"": ""Brick Veneer"", ""floorCount"": 1, ""foundationType"": ""Slab / Mat / Raft"", ""garage"": true, ""garageSpaces"": 2, ""garageType"": ""Attached"", ""heating"": true, ""heatingType"": ""Central"", ""roomCount"": 7, ""unitCount"": 1}",Single Family,Unknown
83,"{""architectureType"": ""Conventional"", ""cooling"": true, ""coolingType"": ""Central"", ""exteriorType"": ""Brick Veneer"", ""fireplace"": true, ""fireplaceType"": ""Single"", ""floorCount"": 1, ""foundationType"": ""Slab / Mat / Raft"", ""garage"": true, ""garageType"": ""Attached"", ""heating"": true, ""heatingType"": ""Central"", ""roofType"": ""Composition Shingle"", ""unitCount"": 1}",Single Family,Unknown
84,"{""architectureType"": ""Conventional"", ""cooling"": true, ""coolingType"": ""Commercial"", ""exteriorType"": ""Siding"", ""fireplace"": true, ""fireplaceType"": ""Gas Log"", ""floorCount"": 2, ""garage"": true, ""garageSpaces"": 3, ""garageType"": ""Mixed"", ""heating"": true, ""heatingType"": ""Heat Pump"", ""roofType"": ""Composition Shingle"", ""unitCount"": 1}",Single Family,RLD
85,"{""architectureType"": ""Condo / Apartment"", ""cooling"": true, ""coolingType"": ""Commercial"", ""exteriorType"": ""OTHER"", ""garage"": true, ""garageSpaces"": 1, ""garageType"": ""Garage"", ""heating"": true, ""heatingType"": ""Forced Air"", ""pool"": true, ""roofType"": ""Roll Composition"", ""roomCount"": 4, ""unitCount"": 423, ""poolType"": ""In-Ground Pool""}",Condo,MR4
86,"{""architectureType"": ""Ranch"", ""cooling"": true, ""coolingType"": ""Central"", ""exteriorType"": ""Aluminum / Vinyl Siding"", ""floorCount"": 1, ""garage"": true, ""garageType"": ""Attached"", ""heating"": true, ""heatingType"": ""Central"", ""roofType"": ""Composition Shingle"", ""unitCount"": 1}",Single Family,Unknown
87,"{""architectureType"": ""Ranch"", ""exteriorType"": ""Wood"", ""fireplace"": true, ""floorCount"": 1, ""garage"": true, ""garageType"": ""Garage"", ""heating"": true, ""heatingType"": ""Electric"", ""roomCount"": 7, ""unitCount"": 1}",Single Family,Unknown
88,"{""exteriorType"": ""Brick"", ""floorCount"": 2, ""heating"": true, ""heatingType"": ""Radiant"", ""roofType"": ""Metal"", ""unitCount"": 1, ""architectureType"": ""Townhouse""}",Single Family,DBO
89,"{""architectureType"": ""Ranch"", ""cooling"": true, ""coolingType"": ""Central"", ""exteriorType"": ""Brick Veneer"", ""fireplace"": true, ""floorCount"": 1, ""foundationType"": ""Raised"", ""garage"": true, ""garageType"": ""Attached"", ""heating"": true, ""heatingType"": ""Central"", ""roofType"": ""Asphalt"", ""roomCount"": 6, ""unitCount"": 1}",Single Family,MEDIUM INTENSITY DIST
90,"{""cooling"": true, ""coolingType"": ""Central"", ""exteriorType"": ""Stucco"", ""floorCount"": 2, ""garage"": true, ""garageSpaces"": 1, ""garageType"": ""Built-in Garage"", ""heating"": true, ""heatingType"": ""Forced Air"", ""roofType"": ""Tile"", ""roomCount"": 6}",Single Family,Unknown
91,"{""cooling"": true, ""coolingType"": ""Commercial"", ""exteriorType"": ""Aluminum / Vinyl Siding"", ""fireplace"": true, ""fireplaceType"": ""Single"", ""floorCount"": 2, ""foundationType"": ""OTHER"", ""garage"": true, ""garageType"": ""Attached"", ""heating"": true, ""heatingType"": ""Forced Air""}",Single Family,Unknown
92,"{""exteriorType"": ""Shingle"", ""floorCount"": 2, ""garage"": true, ""garageSpaces"": 1, ""garageType"": ""Detached"", ""heating"": true, ""heatingType"": ""Forced Air"", ""roofType"": ""Asphalt""}",Single Family,R1
93,"{""architectureType"": ""Traditional"", ""cooling"": true, ""coolingType"": ""Central"", ""exteriorType"": ""Brick Veneer"", ""floorCount"": 1, ""foundationType"": ""Slab / Mat / Raft"", ""garage"": true, ""garageType"": ""Carport"", ""heating"": true, ""heatingType"": ""Central"", ""roofType"": ""Composition Shingle""}",Single Family,Unknown
94,"{""exteriorType"": ""Vinyl"", ""fireplace"": true, ""floorCount"": 1, ""foundationType"": ""Masonry"", ""garage"": true, ""garageType"": ""Garage"", ""heating"": true, ""heatingType"": ""Radiant"", ""roomCount"": 5, ""unitCount"": 1}",Single Family,RESIDENTIAL
95,"{""exteriorType"": ""Stucco"", ""floorCount"": 1, ""unitCount"": 1}",Single Family,2800:TOWNHOUSE
96,"{""cooling"": true, ""coolingType"": ""Central"", ""exteriorType"": ""Other"", ""floorCount"": 1, ""garage"": true, ""garageType"": ""Carport"", ""heating"": true, ""heatingType"": ""Forced Air"", ""roofType"": ""Metal"", ""unitCount"": 1}",Single Family,RS2
97,"{""architectureType"": ""Duplex"", ""exteriorType"": ""Wood"", ""floorCount"": 2, ""heating"": true, ""heatingType"": ""Hot Water"", ""roofType"": ""Asphalt"", ""roomCount"": 10, ""unitCount"": 2}",Duplex-Triplex,R2B
98,"{""architectureType"": ""Colonial"", ""cooling"": true, ""coolingType"": ""Central"", ""exteriorType"": ""Aluminum / Vinyl Siding"", ""fireplace"": true, ""floorCount"": 2, ""garage"": true, ""garageSpaces"": 2, ""garageType"": ""Detached"", ""heating"": true, ""heatingType"": ""Forced Air"", ""roofType"": ""Slate"", ""roomCount"": 8, ""unitCount"": 1}",Single Family,R1M
99,"{""exteriorType"": ""Other"", ""floorCount"": 1, ""foundationType"": ""Concrete"", ""roofType"": ""Shingle (Not Wood)"", ""unitCount"": 1}",Single Family,R-3
100,"{""architectureType"": ""Condo / Apartment"", ""unitCount"": 1}",Condo,R-1:SINGLE FAM-RES
101,"{""architectureType"": ""Cape Cod"", ""cooling"": true, ""coolingType"": ""Central"", ""exteriorType"": ""Aluminum / Vinyl Siding"", ""fireplace"": true, ""floorCount"": 2, ""garage"": true, ""garageSpaces"": 1, ""garageType"": ""Attached"", ""heating"": true, ""heatingType"": ""Forced Air"", ""roofType"": ""Asphalt"", ""roomCount"": 7, ""unitCount"": 1}",Single Family,U1
102,"{""unitCount"": 1, ""cooling"": true, ""coolingType"": ""Central"", ""exteriorType"": ""Brick Veneer"", ""fireplace"": true, ""floorCount"": 1, ""foundationType"": ""Slab / Mat / Raft"", ""garage"": true, ""garageSpaces"": 2, ""garageType"": ""Attached Garage"", ""heating"": true, ""heatingType"": ""Central"", ""roofType"": ""Composition Shingle""}",Single Family,Unknown
103,"{""cooling"": true, ""coolingType"": ""Central"", ""exteriorType"": ""Brick Veneer"", ""floorCount"": 1, ""foundationType"": ""OTHER"", ""garage"": true, ""garageSpaces"": 3, ""garageType"": ""Mixed"", ""heating"": true, ""heatingType"": ""Central"", ""roofType"": ""Asphalt""}",Single Family,Unknown
104,"{""cooling"": true, ""coolingType"": ""Commercial"", ""exteriorType"": ""Other"", ""floorCount"": 2, ""foundationType"": ""Concrete"", ""garage"": true, ""garageType"": ""Built-in"", ""heating"": true, ""heatingType"": ""Central"", ""roofType"": ""Tile"", ""unitCount"": 1}",Single Family,Unknown
105,"{""cooling"": true, ""coolingType"": ""Central"", ""exteriorType"": ""Aluminum / Vinyl Siding"", ""fireplace"": true, ""fireplaceType"": ""Prefab"", ""floorCount"": 2, ""foundationType"": ""Footing"", ""garage"": true, ""garageType"": ""Attached"", ""heating"": true, ""heatingType"": ""Heat Pump"", ""roofType"": ""Composition Shingle"", ""unitCount"": 1}",Single Family,RAG
106,"{""cooling"": true, ""coolingType"": ""Commercial"", ""exteriorType"": ""Wood"", ""fireplace"": true, ""floorCount"": 1, ""foundationType"": ""Concrete"", ""garage"": true, ""garageType"": ""Attached"", ""heating"": true, ""heatingType"": ""Forced Air"", ""roofType"": ""Composition Shingle"", ""unitCount"": 1}",Single Family,EZ
107,"{""architectureType"": ""Condo / Apartment"", ""exteriorType"": ""Wood"", ""roomCount"": 5, ""unitCount"": 1, ""cooling"": true, ""coolingType"": ""Commercial"", ""floorCount"": 2, ""garage"": true, ""garageType"": ""Garage"", ""heating"": true, ""heatingType"": ""Forced Air"", ""roofType"": ""Shingle""}",Condo,Unknown
108,"{""architectureType"": ""Split Foyer"", ""cooling"": true, ""coolingType"": ""Other"", ""exteriorType"": ""Brick"", ""floorCount"": 2, ""foundationType"": ""Concrete Block"", ""garage"": true, ""garageSpaces"": 2, ""garageType"": ""Attached Garage"", ""heating"": true, ""heatingType"": ""Forced Air"", ""roofType"": ""Composition Shingle"", ""roomCount"": 9}",Single Family,Unknown
109,NaN,Land,Unknown
110,"{""cooling"": true, ""coolingType"": ""Commercial"", ""exteriorType"": ""Stucco"", ""floorCount"": 1, ""foundationType"": ""Slab / Mat / Raft"", ""garage"": true, ""garageType"": ""Attached"", ""heating"": true, ""heatingType"": ""Forced Air"", ""roofType"": ""Composition Shingle"", ""unitCount"": 1}",Single Family,Unknown
111,"{""cooling"": true, ""coolingType"": ""Commercial"", ""floorCount"": 2, ""foundationType"": ""Slab / Mat / Raft"", ""garage"": true, ""garageSpaces"": 2, ""garageType"": ""Attached"", ""heating"": true, ""heatingType"": ""Central"", ""roofType"": ""Composition Shingle""}",Single Family,Unknown
112,"{""cooling"": true, ""coolingType"": ""Commercial"", ""exteriorType"": ""Brick / Stone"", ""fireplace"": true, ""fireplaceType"": ""Single"", ""floorCount"": 1, ""foundationType"": ""Wood"", ""garage"": true, ""garageType"": ""Carport"", ""heating"": true, ""heatingType"": ""Central"", ""roofType"": ""Composition Shingle"", ""roomCount"": 5, ""unitCount"": 1}",Single Family,R2
113,"{""architectureType"": ""Ranch"", ""cooling"": true, ""coolingType"": ""Central"", ""exteriorType"": ""Aluminum / Vinyl Siding"", ""fireplace"": true, ""fireplaceType"": ""Single"", ""floorCount"": 1, ""garage"": true, ""garageType"": ""Attached"", ""heating"": true, ""heatingType"": ""Central"", ""roomCount"": 5, ""unitCount"": 1}",Single Family,Unknown
114,"{""architectureType"": ""Ranch"", ""cooling"": true, ""coolingType"": ""Central"", ""exteriorType"": ""Wood"", ""floorCount"": 1, ""heating"": true, ""heatingType"": ""Central"", ""roomCount"": 5, ""unitCount"": 1}",Single Family,R4
115,"{""architectureType"": ""Condo / Apartment"", ""exteriorType"": ""Brick"", ""floorCount"": 2, ""heating"": true, ""roomCount"": 6, ""unitCount"": 1, ""viewType"": ""Average""}",Single Family,RSA5
116,"{""garage"": true, ""garageSpaces"": 2, ""garageType"": ""Garage"", ""unitCount"": 1}",Single Family,R-1:SINGLE FAM-RES
117,"{""cooling"": true, ""coolingType"": ""Evaporative"", ""exteriorType"": ""Vinyl"", ""floorCount"": 2, ""foundationType"": ""Slab / Mat / Raft"", ""garage"": true, ""garageSpaces"": 2, ""garageType"": ""Attached"", ""heating"": true, ""heatingType"": ""Heat Pump""}",Single Family,Unknown
118,"{""architectureType"": ""Colonial"", ""cooling"": true, ""coolingType"": ""Commercial"", ""exteriorType"": ""Brick"", ""fireplace"": true, ""floorCount"": 2, ""garage"": true, ""garageType"": ""Attached"", ""heating"": true, ""heatingType"": ""Forced Air"", ""unitCount"": 1}",Single Family,CK MAP
119,"{""cooling"": true, ""coolingType"": ""Central"", ""exteriorType"": ""Siding"", ""fireplace"": true, ""fireplaceType"": ""2 Story"", ""floorCount"": 1, ""foundationType"": ""Slab / Mat / Raft"", ""garage"": true, ""garageType"": ""Built-in"", ""heating"": true, ""heatingType"": ""Central"", ""roofType"": ""Composition Shingle"", ""unitCount"": 1}",Single Family,RS3
120,"{""architectureType"": ""Conventional"", ""cooling"": true, ""coolingType"": ""Central"", ""exteriorType"": ""Aluminum / Vinyl Siding"", ""fireplace"": true, ""floorCount"": 2, ""foundationType"": ""Masonry"", ""heating"": true, ""heatingType"": ""Forced Air"", ""roofType"": ""Asphalt"", ""roomCount"": 7, ""unitCount"": 1}",Single Family,RS9
121,"{""cooling"": true, ""coolingType"": ""Central"", ""exteriorType"": ""Brick / Stone"", ""fireplace"": true, ""fireplaceType"": ""Single"", ""floorCount"": 1, ""foundationType"": ""OTHER"", ""garage"": true, ""garageType"": ""Attached"", ""heating"": true, ""heatingType"": ""Central"", ""roofType"": ""Asphalt"", ""unitCount"": 1}",Single Family,Unknown
122,{},Condo,Unknown
123,"{""exteriorType"": ""Brick"", ""floorCount"": 2, ""garage"": true, ""garageSpaces"": 1, ""garageType"": ""Detached"", ""heating"": true, ""roomCount"": 6, ""unitCount"": 1, ""viewType"": ""Average""}",Single Family,RSA3
124,"{""architectureType"": ""Conventional"", ""cooling"": true, ""coolingType"": ""Commercial"", ""exteriorType"": ""Brick"", ""fireplace"": true, ""floorCount"": 1, ""garage"": true, ""garageType"": ""Garage"", ""heating"": true, ""heatingType"": ""Forced Air"", ""roofType"": ""Composition Shingle"", ""unitCount"": 1}",Single Family,R60
125,"{""cooling"": true, ""coolingType"": ""Refrigeration"", ""exteriorType"": ""Stucco"", ""floorCount"": 2, ""garage"": true, ""garageSpaces"": 3, ""garageType"": ""Garage"", ""heating"": true, ""heatingType"": ""Forced Air"", ""pool"": true, ""roofType"": ""Concrete Tile"", ""roomCount"": 8, ""unitCount"": 1}",Single Family,R-6
126,"{""cooling"": true, ""coolingType"": ""Central"", ""exteriorType"": ""Siding"", ""floorCount"": 2, ""garage"": true, ""garageType"": ""Attached"", ""heating"": true, ""heatingType"": ""Forced Air"", ""roomCount"": 5}",Condo,Unknown
127,"{""cooling"": true, ""coolingType"": ""Central"", ""exteriorType"": ""Other"", ""floorCount"": 1, ""foundationType"": ""Slab"", ""garage"": true, ""garageType"": ""Carport"", ""heating"": true, ""heatingType"": ""Central"", ""roofType"": ""Asbestos"", ""roomCount"": 5, ""unitCount"": 1}",Single Family,RU19
128,"{""unitCount"": 1}",Single Family,Unknown
129,"{""architectureType"": ""Split Level"", ""cooling"": true, ""coolingType"": ""Commercial"", ""exteriorType"": ""Brick"", ""fireplace"": true, ""floorCount"": 2, ""heating"": true, ""heatingType"": ""Forced Air"", ""roofType"": ""Composition Shingle"", ""roomCount"": 8, ""unitCount"": 1}",Single Family,R-8C(R-8 W/CLUSTER DEV)
130,"{""cooling"": true, ""coolingType"": ""Central"", ""fireplace"": true, ""fireplaceType"": ""Masonry"", ""floorCount"": 1, ""garage"": true, ""garageSpaces"": 2, ""garageType"": ""Attached"", ""heating"": true, ""heatingType"": ""Central"", ""roofType"": ""Other"", ""roomCount"": 9, ""unitCount"": 1}",Single Family,Unknown
131,"{""architectureType"": ""Colonial"", ""exteriorType"": ""OTHER"", ""fireplace"": true, ""fireplaceType"": ""2 Story"", ""floorCount"": 2, ""foundationType"": ""Raised"", ""garage"": true, ""garageType"": ""Attached"", ""heating"": true, ""heatingType"": ""Heat Pump"", ""roofType"": ""Shingle"", ""roomCount"": 8}",Single Family,PLANNED DEVELOPMENT
132,"{""architectureType"": ""Contemporary"", ""cooling"": true, ""coolingType"": ""Central"", ""exteriorType"": ""Stucco"", ""floorCount"": 1, ""foundationType"": ""Slab"", ""heating"": true, ""heatingType"": ""Forced Air"", ""roofType"": ""Asphalt"", ""roomCount"": 5}",Condo,Unknown
133,"{""cooling"": true, ""coolingType"": ""Central"", ""exteriorType"": ""Stucco"", ""floorCount"": 2, ""foundationType"": ""Slab"", ""garage"": true, ""garageSpaces"": 2, ""garageType"": ""Garage"", ""roofType"": ""Tile"", ""unitCount"": 1}",Single Family,PUD
134,"{""cooling"": true, ""coolingType"": ""Central"", ""exteriorType"": ""Wood Siding"", ""fireplace"": true, ""floorCount"": 1, ""foundationType"": ""Concrete Block"", ""garage"": true, ""garageSpaces"": 1, ""garageType"": ""Underground / Basement"", ""heating"": true, ""heatingType"": ""Central"", ""roofType"": ""Composition Shingle"", ""roomCount"": 6, ""unitCount"": 1}",Single Family,Unknown
135,"{""architectureType"": ""Old Style"", ""cooling"": true, ""coolingType"": ""Central"", ""exteriorType"": ""Wood"", ""floorCount"": 2, ""garage"": true, ""garageType"": ""Detached"", ""heating"": true, ""heatingType"": ""Central"", ""roomCount"": 8, ""unitCount"": 1}",Single Family,Unknown
136,"{""exteriorType"": ""Brick"", ""fireplace"": true, ""floorCount"": 1, ""garage"": true, ""garageSpaces"": 2, ""garageType"": ""Mixed"", ""heating"": true, ""heatingType"": ""Gas"", ""cooling"": true, ""coolingType"": ""Central""}",Single Family,Unknown
137,"{""architectureType"": ""Ranch"", ""exteriorType"": ""Shingle"", ""fireplace"": true, ""floorCount"": 1, ""foundationType"": ""OTHER"", ""garage"": true, ""garageType"": ""Attached"", ""heating"": true, ""heatingType"": ""Forced Air"", ""roofType"": ""Composition Shingle"", ""roomCount"": 4, ""unitCount"": 1}",Single Family,Unknown
138,"{""cooling"": true, ""coolingType"": ""Refrigeration"", ""exteriorType"": ""Wood"", ""floorCount"": 1, ""garage"": true, ""garageSpaces"": 2, ""garageType"": ""Garage"", ""heating"": true, ""heatingType"": ""Gravity"", ""roofType"": ""Other"", ""unitCount"": 1}",Single Family,R-10
139,"{""heating"": true, ""heatingType"": ""Forced Air""}",Duplex-Triplex,Unknown
140,"{""fireplace"": true, ""floorCount"": 1, ""garage"": true, ""garageType"": ""Garage"", ""heating"": true, ""roomCount"": 7, ""unitCount"": 1}",Single Family,R1-8
141,"{""cooling"": true, ""coolingType"": ""Central"", ""exteriorType"": ""Aluminum / Vinyl Siding"", ""fireplace"": true, ""fireplaceType"": ""Prefab"", ""floorCount"": 2, ""foundationType"": ""Masonry"", ""garage"": true, ""garageType"": ""Garage"", ""heating"": true, ""heatingType"": ""Central"", ""roofType"": ""Composition Shingle"", ""roomCount"": 6, ""unitCount"": 1}",Single Family,R-100
142,"{""architectureType"": ""Townhouse"", ""cooling"": true, ""coolingType"": ""Central"", ""exteriorType"": ""Aluminum / Vinyl Siding"", ""fireplace"": true, ""floorCount"": 2, ""foundationType"": ""Slab / Mat / Raft"", ""garage"": true, ""garageSpaces"": 1, ""garageType"": ""Attached"", ""heating"": true, ""heatingType"": ""Forced Air"", ""roofType"": ""Asphalt"", ""roomCount"": 5, ""unitCount"": 1}",Single Family,RA
143,"{""architectureType"": ""Traditional"", ""cooling"": true, ""coolingType"": ""Central"", ""exteriorType"": ""Brick Veneer"", ""fireplace"": true, ""floorCount"": 1, ""foundationType"": ""Slab / Mat / Raft"", ""garage"": true, ""garageType"": ""Attached"", ""heating"": true, ""heatingType"": ""Central"", ""roomCount"": 6, ""unitCount"": 1}",Single Family,Unknown
144,"{""architectureType"": ""Conventional"", ""cooling"": true, ""coolingType"": ""Commercial"", ""exteriorType"": ""Wood"", ""fireplace"": true, ""floorCount"": 2, ""garage"": true, ""garageType"": ""Attached"", ""heating"": true, ""heatingType"": ""Forced Air"", ""roofType"": ""Composition Shingle"", ""unitCount"": 1}",Single Family,RR
145,"{""cooling"": true, ""coolingType"": ""Central"", ""exteriorType"": ""Stucco"", ""fireplace"": true, ""floorCount"": 2, ""foundationType"": ""OTHER"", ""garage"": true, ""garageType"": ""Attached"", ""heating"": true, ""heatingType"": ""Forced Air"", ""roofType"": ""Composition Shingle"", ""unitCount"": 1}",Single Family,ARPSF
146,"{""cooling"": true, ""coolingType"": ""Commercial"", ""exteriorType"": ""Brick"", ""fireplace"": true, ""fireplaceType"": ""Prefab"", ""floorCount"": 1, ""foundationType"": ""Wood"", ""heating"": true, ""heatingType"": ""Forced Air"", ""roofType"": ""Shingle"", ""roomCount"": 10, ""unitCount"": 1}",Single Family,E2
147,"{""cooling"": true, ""coolingType"": ""Central"", ""exteriorType"": ""Masonry"", ""fireplace"": true, ""fireplaceType"": ""Prefab"", ""floorCount"": 2, ""garage"": true, ""garageSpaces"": 2, ""garageType"": ""Attached Garage"", ""heating"": true, ""heatingType"": ""Central"", ""roomCount"": 8}",Single Family,R-3-PLANNED NBHD RESIDENT
148,"{""cooling"": true, ""coolingType"": ""Central"", ""exteriorType"": ""Aluminum / Vinyl Siding"", ""fireplace"": true, ""floorCount"": 2, ""garage"": true, ""garageType"": ""Garage"", ""heating"": true, ""heatingType"": ""Central"", ""roofType"": ""Tile""}",Single Family,Unknown
149,"{""cooling"": true, ""coolingType"": ""Commercial"", ""exteriorType"": ""Brick"", ""floorCount"": 1, ""foundationType"": ""Wood"", ""heating"": true, ""heatingType"": ""Forced Air"", ""roofType"": ""Metal"", ""roomCount"": 5, ""unitCount"": 1}",Single Family,R2
150,"{""architectureType"": ""Contemporary"", ""cooling"": true, ""coolingType"": ""Central"", ""exteriorType"": ""OTHER"", ""floorCount"": 2, ""garage"": true, ""garageType"": ""Garage"", ""heating"": true, ""heatingType"": ""Central"", ""roofType"": ""Composition Shingle"", ""unitCount"": 1}",Single Family,PD
151,"{""floorCount"": 1, ""heating"": true, ""heatingType"": ""Floor / Wall"", ""unitCount"": 1}",Single Family,COR3*
152,"{""cooling"": true, ""coolingType"": ""Central"", ""floorCount"": 1, ""garage"": true, ""garageSpaces"": 2, ""garageType"": ""Garage"", ""heating"": true, ""heatingType"": ""Central"", ""unitCount"": 1}",Single Family,Unknown
153,"{""architectureType"": ""Conventional"", ""cooling"": true, ""coolingType"": ""Commercial"", ""exteriorType"": ""Combination"", ""fireplace"": true, ""floorCount"": 2, ""garage"": true, ""garageSpaces"": 2, ""garageType"": ""Attached"", ""heating"": true, ""heatingType"": ""Forced Air"", ""roomCount"": 7, ""unitCount"": 1, ""roofType"": ""Composition Shingle""}",Single Family,R75-SINGLE FAM RES
154,"{""cooling"": true, ""coolingType"": ""Central"", ""exteriorType"": ""Brick Veneer"", ""fireplace"": true, ""floorCount"": 2, ""garage"": true, ""garageType"": ""Mixed"", ""heating"": true, ""heatingType"": ""Forced Air"", ""roofType"": ""Composition Shingle"", ""foundationType"": ""OTHER""}",Single Family,Unknown
155,"{""architectureType"": ""Ranch"", ""cooling"": true, ""coolingType"": ""Central"", ""exteriorType"": ""Brick / Stone"", ""fireplace"": true, ""floorCount"": 1, ""foundationType"": ""Raised"", ""garage"": true, ""garageSpaces"": 2, ""garageType"": ""Attached"", ""heating"": true, ""heatingType"": ""Gas"", ""roomCount"": 7, ""unitCount"": 1}",Single Family,Unknown
156,"{""architectureType"": ""Ranch"", ""exteriorType"": ""Brick"", ""floorCount"": 1, ""foundationType"": ""Slab / Mat / Raft"", ""garage"": true, ""garageSpaces"": 2, ""garageType"": ""Detached"", ""heating"": true, ""heatingType"": ""Forced Air"", ""roofType"": ""Asphalt"", ""roomCount"": 4, ""unitCount"": 1}",Single Family,1F
157,"{""cooling"": true, ""coolingType"": ""Central"", ""exteriorType"": ""Concrete Block"", ""floorCount"": 1, ""garage"": true, ""garageType"": ""Garage"", ""heating"": true, ""heatingType"": ""Forced Air"", ""roofType"": ""Composition Shingle""}",Single Family,MPUD
158,"{""architectureType"": ""Log Cabin / Rustic"", ""cooling"": true, ""coolingType"": ""Central"", ""exteriorType"": ""Combination"", ""fireplace"": true, ""floorCount"": 2, ""foundationType"": ""Other"", ""garage"": true, ""garageType"": ""Garage"", ""heating"": true, ""heatingType"": ""Central"", ""roofType"": ""Asphalt"", ""roomCount"": 8, ""unitCount"": 1}",Single Family,RIC
159,"{""cooling"": true, ""coolingType"": ""Commercial"", ""fireplace"": true, ""floorCount"": 2, ""foundationType"": ""Slab / Mat / Raft"", ""garage"": true, ""garageType"": ""Attached"", ""heating"": true, ""roofType"": ""Composition Shingle""}",Single Family,Unknown
160,"{""architectureType"": ""Conventional"", ""cooling"": true, ""coolingType"": ""Central"", ""exteriorType"": ""Wood"", ""fireplace"": true, ""floorCount"": 1, ""garage"": true, ""garageSpaces"": 2, ""garageType"": ""Garage"", ""heating"": true, ""heatingType"": ""Baseboard"", ""roomCount"": 6, ""unitCount"": 1}",Single Family,Unknown
161,"{""architectureType"": ""Conventional"", ""floorCount"": 1, ""garage"": true, ""garageSpaces"": 1, ""garageType"": ""Garage"", ""heating"": true, ""heatingType"": ""Central"", ""roomCount"": 9, ""unitCount"": 1}",Single Family,GDE6
162,"{""architectureType"": ""Colonial"", ""cooling"": true, ""coolingType"": ""Central"", ""exteriorType"": ""Brick"", ""floorCount"": 2, ""garage"": true, ""garageSpaces"": 1, ""garageType"": ""Attached"", ""heating"": true, ""heatingType"": ""Central"", ""roomCount"": 7, ""unitCount"": 1}",Single Family,R5
163,"{""architectureType"": ""Condo / Apartment"", ""floorCount"": 2, ""unitCount"": 1}",Condo,R3-2
164,"{""architectureType"": ""Duplex Single"", ""exteriorType"": ""Brick"", ""floorCount"": 2, ""heating"": true, ""viewType"": ""Average""}",Townhouse,RSA3
165,"{""floorCount"": 1, ""garage"": true, ""garageType"": ""Basement"", ""unitCount"": 1}",Single Family,R-15
166,"{""garage"": true, ""garageType"": ""Detached"", ""heating"": true, ""heatingType"": ""Forced Air"", ""roomCount"": 8}",Single Family,Unknown
167,"{""cooling"": true, ""coolingType"": ""Central"", ""exteriorType"": ""Aluminum / Vinyl Siding"", ""fireplace"": true, ""floorCount"": 2, ""foundationType"": ""OTHER"", ""garage"": true, ""garageSpaces"": 2, ""garageType"": ""Attached"", ""heating"": true, ""heatingType"": ""Forced Air"", ""roofType"": ""Asphalt"", ""roomCount"": 6, ""unitCount"": 1}",Single Family,Unknown
168,"{""floorCount"": 1, ""roomCount"": 3, ""unitCount"": 1}",Condo,Unknown
169,"{""cooling"": true, ""coolingType"": ""Central"", ""exteriorType"": ""Brick"", ""floorCount"": 1, ""foundationType"": ""Slab / Mat / Raft"", ""garage"": true, ""garageSpaces"": 2, ""garageType"": ""Attached"", ""roomCount"": 5}",Single Family,RS10
170,"{""architectureType"": ""Split Level"", ""cooling"": true, ""coolingType"": ""Commercial"", ""exteriorType"": ""Brick"", ""fireplace"": true, ""floorCount"": 1, ""foundationType"": ""Block"", ""heating"": true, ""heatingType"": ""Forced Air"", ""roofType"": ""Composition Shingle"", ""roomCount"": 5, ""unitCount"": 1}",Single Family,MR
171,"{""cooling"": true, ""coolingType"": ""Central"", ""floorCount"": 2, ""garage"": true, ""garageSpaces"": 2, ""garageType"": ""Garage"", ""heating"": true, ""heatingType"": ""Central""}",Single Family,Unknown
172,"{""cooling"": true, ""coolingType"": ""Refrigeration"", ""exteriorType"": ""Wood"", ""floorCount"": 1, ""garage"": true, ""garageSpaces"": 2, ""garageType"": ""Garage"", ""heating"": true, ""heatingType"": ""Forced Air"", ""roofType"": ""Other"", ""roomCount"": 6, ""unitCount"": 1}",Single Family,PAD
173,"{""cooling"": true, ""coolingType"": ""Central"", ""exteriorType"": ""Brick"", ""fireplace"": true, ""fireplaceType"": ""Prefab"", ""floorCount"": 2, ""foundationType"": ""Slab / Mat / Raft"", ""garage"": true, ""garageType"": ""Garage"", ""heating"": true, ""heatingType"": ""Central"", ""roofType"": ""Asphalt"", ""roomCount"": 8}",Single Family,R3/C
174,"{""architectureType"": ""Cape Cod"", ""cooling"": true, ""coolingType"": ""Central"", ""exteriorType"": ""Composition"", ""floorCount"": 2, ""garage"": true, ""garageType"": ""Attached"", ""heating"": true, ""heatingType"": ""Central"", ""unitCount"": 1}",Single Family,02 - SINGLE RESIDENCE
175,"{""garage"": true, ""garageSpaces"": 4, ""garageType"": ""Garage""}",Single Family,Unknown
176,"{""floorCount"": 2, ""garage"": true, ""garageType"": ""Garage"", ""roomCount"": 7, ""cooling"": true, ""coolingType"": ""Central""}",Single Family,Unknown
177,"{""architectureType"": ""Duplex"", ""heating"": true, ""heatingType"": ""Floor / Wall"", ""unitCount"": 2}",Duplex-Triplex,LAR2
178,"{""architectureType"": ""Raised Ranch"", ""cooling"": true, ""coolingType"": ""Commercial"", ""exteriorType"": ""Aluminum / Vinyl Siding"", ""fireplace"": true, ""floorCount"": 1, ""garage"": true, ""garageType"": ""Attached"", ""heating"": true, ""heatingType"": ""Oil"", ""roofType"": ""Asphalt"", ""roomCount"": 9, ""unitCount"": 1}",Single Family,R-1
179,"{""architectureType"": ""Two Family"", ""cooling"": true, ""coolingType"": ""Commercial"", ""exteriorType"": ""Masonry"", ""floorCount"": 2, ""garage"": true, ""garageSpaces"": 2, ""garageType"": ""Detached Garage"", ""roofType"": ""Tar & Gravel"", ""unitCount"": 2}",Apartment,Unknown
180,"{""architectureType"": ""Conventional"", ""cooling"": true, ""coolingType"": ""Commercial"", ""exteriorType"": ""Brick"", ""fireplace"": true, ""floorCount"": 1, ""garage"": true, ""garageType"": ""Attached"", ""heating"": true, ""heatingType"": ""Forced Air"", ""roomCount"": 7, ""unitCount"": 1}",Single Family,RS180-SINGLE FAM RES
181,"{""architectureType"": ""Mobile Home"", ""exteriorType"": ""Metal"", ""garage"": true, ""garageType"": ""Detached"", ""roofType"": ""Composition Shingle""}",Manufactured,Unknown
182,"{""architectureType"": ""Conventional"", ""cooling"": true, ""coolingType"": ""Central"", ""exteriorType"": ""Wood"", ""floorCount"": 2, ""heating"": true, ""heatingType"": ""Central"", ""roomCount"": 8, ""unitCount"": 1}",Single Family,R2
183,"{""architectureType"": ""Conventional"", ""cooling"": true, ""coolingType"": ""Commercial"", ""exteriorType"": ""Wood"", ""fireplace"": true, ""floorCount"": 1, ""garage"": true, ""garageType"": ""Garage"", ""heating"": true, ""heatingType"": ""Forced Air"", ""roofType"": ""Composition Shingle"", ""unitCount"": 1}",Single Family,RR
184,"{""architectureType"": ""Triplex"", ""floorCount"": 2, ""unitCount"": 3}",Apartment,R5
185,"{""architectureType"": ""Conventional"", ""cooling"": true, ""coolingType"": ""Commercial"", ""floorCount"": 1, ""garage"": true, ""garageSpaces"": 1, ""garageType"": ""Garage"", ""heating"": true, ""heatingType"": ""Central"", ""roomCount"": 7, ""unitCount"": 1}",Single Family,TCR172
186,"{""architectureType"": ""Raised Ranch"", ""cooling"": true, ""coolingType"": ""Commercial"", ""exteriorType"": ""Brick Veneer"", ""fireplace"": true, ""floorCount"": 1, ""foundationType"": ""Pier / Post & Beam"", ""garage"": true, ""garageSpaces"": 2, ""garageType"": ""Attached"", ""heating"": true, ""heatingType"": ""Forced Air"", ""roofType"": ""Asphalt"", ""unitCount"": 1}",Single Family,RS-MD
187,"{""architectureType"": ""Condo / Apartment"", ""fireplace"": true, ""floorCount"": 1, ""garage"": true, ""garageType"": ""Garage"", ""roomCount"": 5, ""unitCount"": 1}",Condo,RH-15
188,"{""architectureType"": ""Colonial"", ""exteriorType"": ""Brick"", ""fireplace"": true, ""floorCount"": 3, ""garage"": true, ""garageSpaces"": 2, ""garageType"": ""Basement"", ""heating"": true, ""heatingType"": ""Hot Water"", ""roofType"": ""Slate"", ""roomCount"": 12, ""unitCount"": 1}",Single Family,N1-1
189,"{""architectureType"": ""Conventional"", ""cooling"": true, ""coolingType"": ""Central"", ""exteriorType"": ""Brick"", ""fireplace"": true, ""fireplaceType"": ""Single"", ""floorCount"": 2, ""garage"": true, ""garageType"": ""Garage"", ""heating"": true, ""heatingType"": ""Central"", ""roomCount"": 7, ""unitCount"": 1}",Single Family,CA
190,"{""architectureType"": ""Ranch / Rambler"", ""exteriorType"": ""Stucco"", ""foundationType"": ""Concrete Block"", ""heating"": true, ""heatingType"": ""Gas"", ""roofType"": ""Asphalt"", ""roomCount"": 6, ""unitCount"": 1}",Single Family,Unknown
191,"{""architectureType"": ""Triplex"", ""floorCount"": 2, ""unitCount"": 3}",Duplex-Triplex,R6
192,"{""architectureType"": ""Ranch"", ""cooling"": true, ""coolingType"": ""Central"", ""exteriorType"": ""Stucco"", ""floorCount"": 1, ""garage"": true, ""garageType"": ""Attached"", ""heating"": true, ""heatingType"": ""Forced Air"", ""roofType"": ""Asphalt"", ""unitCount"": 1}",Single Family,RD-D
193,"{""architectureType"": ""Row End or Row Middle"", ""exteriorType"": ""Aluminum / Vinyl Siding"", ""floorCount"": 3, ""garage"": true, ""garageType"": ""Attached"", ""heating"": true, ""heatingType"": ""Central"", ""roomCount"": 7, ""unitCount"": 1}",Single Family,G-MU-3
194,"{""architectureType"": ""Condo / Apartment"", ""unitCount"": 1}",Condo,PRD-6.3
195,"{""architectureType"": ""Townhouse"", ""cooling"": true, ""coolingType"": ""Commercial"", ""exteriorType"": ""Aluminum / Vinyl Siding"", ""fireplace"": true, ""floorCount"": 2, ""garage"": true, ""garageType"": ""Garage"", ""heating"": true, ""heatingType"": ""Radiant"", ""roofType"": ""Built-up"", ""unitCount"": 1}",Townhouse,R-8
196,"{""cooling"": true, ""fireplace"": true, ""floorCount"": 2, ""foundationType"": ""Masonry"", ""heating"": true, ""heatingType"": ""Heat Pump"", ""roofType"": ""Asphalt"", ""roomCount"": 7, ""unitCount"": 1}",Single Family,RS9
197,"{""floorCount"": 2, ""garage"": true, ""garageType"": ""Garage"", ""unitCount"": 1}",Single Family,R6
198,"{""cooling"": true, ""coolingType"": ""Commercial"", ""exteriorType"": ""Aluminum / Vinyl Siding"", ""floorCount"": 2, ""foundationType"": ""Raised"", ""garage"": true, ""garageType"": ""Detached"", ""heating"": true, ""roomCount"": 7, ""unitCount"": 1}",Single Family,Unknown
199,"{""exteriorType"": ""Brick"", ""floorCount"": 1, ""garage"": true, ""garageSpaces"": 1, ""garageType"": ""Detached"", ""heating"": true, ""heatingType"": ""Forced Air"", ""roofType"": ""Asphalt"", ""unitCount"": 1}",Single Family,R1
200,"{""cooling"": true, ""coolingType"": ""Central"", ""exteriorType"": ""Concrete Block"", ""floorCount"": 1, ""foundationType"": ""Footing"", ""garage"": true, ""garageType"": ""Garage"", ""heating"": true, ""heatingType"": ""Forced Air"", ""roofType"": ""Shingle"", ""unitCount"": 1}",Single Family,Unknown
201,"{""architectureType"": ""Traditional"", ""exteriorType"": ""Aluminum / Vinyl Siding"", ""floorCount"": 2, ""heating"": true, ""unitCount"": 2}",Duplex-Triplex,Unknown
202,"{""architectureType"": ""Split Entry"", ""cooling"": true, ""exteriorType"": ""Metal"", ""fireplace"": true, ""floorCount"": 1, ""foundationType"": ""Pier / Post & Beam"", ""heating"": true, ""roofType"": ""Wood Shingle"", ""coolingType"": ""Central"", ""heatingType"": ""Central""}",Single Family,A-1
203,NaN,Duplex-Triplex,Unknown
204,"{""architectureType"": ""Townhouse"", ""cooling"": true, ""coolingType"": ""Commercial"", ""exteriorType"": ""Wood"", ""fireplace"": true, ""floorCount"": 2, ""garage"": true, ""garageType"": ""Garage"", ""heating"": true, ""heatingType"": ""Forced Air"", ""roofType"": ""Composition Shingle"", ""unitCount"": 1}",Condo,R90
205,"{""architectureType"": ""Traditional"", ""cooling"": true, ""coolingType"": ""Central"", ""exteriorType"": ""Brick Veneer"", ""fireplace"": true, ""floorCount"": 1, ""foundationType"": ""OTHER"", ""garage"": true, ""garageType"": ""Attached"", ""heating"": true, ""heatingType"": ""Central"", ""roofType"": ""Composition Shingle"", ""roomCount"": 5}",Single Family,Unknown
206,"{""architectureType"": ""Conventional"", ""cooling"": true, ""coolingType"": ""Commercial"", ""exteriorType"": ""Aluminum / Vinyl Siding"", ""fireplace"": true, ""floorCount"": 2, ""garage"": true, ""garageSpaces"": 1, ""garageType"": ""Attached Garage"", ""heating"": true, ""unitCount"": 1}",Single Family,Unknown
207,"{""architectureType"": ""Cape Cod"", ""cooling"": true, ""coolingType"": ""Central"", ""exteriorType"": ""Brick"", ""fireplace"": true, ""fireplaceType"": ""Masonry"", ""floorCount"": 2, ""garage"": true, ""garageType"": ""Garage"", ""heating"": true, ""heatingType"": ""Hot Water"", ""unitCount"": 1}",Single Family,Unknown
208,"{""cooling"": true, ""coolingType"": ""Refrigeration"", ""exteriorType"": ""Wood"", ""floorCount"": 1, ""garage"": true, ""garageSpaces"": 3, ""garageType"": ""Garage"", ""heating"": true, ""heatingType"": ""Forced Air"", ""roofType"": ""Other"", ""roomCount"": 7, ""unitCount"": 1}",Single Family,R-6
209,"{""architectureType"": ""Condo / Apartment"", ""exteriorType"": ""Brick"", ""floorCount"": 2, ""roomCount"": 4, ""unitCount"": 1, ""viewType"": ""Average""}",Single Family,RSA5
210,"{""floorCount"": 1, ""garage"": true, ""garageType"": ""Attached""}",Single Family,Unknown
211,"{""exteriorType"": ""Wood"", ""fireplace"": true, ""floorCount"": 3, ""foundationType"": ""Stone""}",Single Family,Unknown
212,"{""cooling"": true, ""coolingType"": ""Central"", ""exteriorType"": ""Aluminum / Vinyl Siding"", ""floorCount"": 2, ""heating"": true, ""heatingType"": ""Central"", ""roofType"": ""Composition Shingle"", ""roomCount"": 9, ""unitCount"": 1}",Single Family,R-L
213,{},Manufactured,Unknown
214,"{""architectureType"": ""Mobile Home"", ""floorCount"": 1, ""unitCount"": 1}",Manufactured,RES AG COUNTY
215,"{""architectureType"": ""Log Cabin / Rustic"", ""cooling"": true, ""coolingType"": ""Commercial"", ""exteriorType"": ""Wood"", ""fireplace"": true, ""floorCount"": 1, ""foundationType"": ""OTHER"", ""garage"": true, ""garageType"": ""Attached"", ""heating"": true, ""heatingType"": ""Forced Air"", ""roofType"": ""Composition Shingle"", ""roomCount"": 7, ""unitCount"": 1}",Single Family,Unknown
216,{},Land,MR-
217,"{""cooling"": true, ""coolingType"": ""Central"", ""exteriorType"": ""Brick / Stone"", ""floorCount"": 2, ""garage"": true, ""garageType"": ""Attached"", ""heating"": true, ""heatingType"": ""Central"", ""roofType"": ""Asphalt"", ""roomCount"": 6, ""unitCount"": 1}",Single Family,Unknown
218,"{""cooling"": true, ""coolingType"": ""Central"", ""exteriorType"": ""Stucco"", ""floorCount"": 1, ""garage"": true, ""garageType"": ""Carport"", ""heating"": true, ""heatingType"": ""Forced Air"", ""roofType"": ""Composition Shingle"", ""unitCount"": 1}",Single Family,R-1
219,"{""cooling"": true, ""coolingType"": ""Central"", ""exteriorType"": ""Concrete Block"", ""floorCount"": 1, ""foundationType"": ""Footing"", ""garage"": true, ""garageType"": ""Carport"", ""heating"": true, ""heatingType"": ""Central"", ""roofType"": ""Roll Tar & Gravel"", ""unitCount"": 1}",Single Family,Unknown
220,"{""architectureType"": ""Townhouse"", ""cooling"": true, ""coolingType"": ""Commercial"", ""exteriorType"": ""Siding"", ""fireplace"": true, ""floorCount"": 3, ""garage"": true, ""garageType"": ""Garage"", ""heating"": true, ""heatingType"": ""Forced Air"", ""roofType"": ""Composition Shingle"", ""unitCount"": 1}",Single Family,RT12.
221,"{""exteriorType"": ""Wood"", ""fireplace"": true, ""floorCount"": 1, ""garage"": true, ""garageType"": ""Basement"", ""heating"": true, ""heatingType"": ""Forced Air"", ""roofType"": ""Composition Shingle"", ""roomCount"": 9, ""unitCount"": 1}",Single Family,RS
222,"{""architectureType"": ""European"", ""cooling"": true, ""coolingType"": ""Package"", ""exteriorType"": ""Aluminum Siding"", ""floorCount"": 1, ""foundationType"": ""Pier / Post & Beam"", ""garage"": true, ""garageType"": ""Carport"", ""heating"": true, ""roofType"": ""Composition Shingle"", ""unitCount"": 1}",Manufactured,ORMH
223,"{""cooling"": true, ""coolingType"": ""Commercial"", ""exteriorType"": ""Rock, Stone"", ""floorCount"": 1, ""foundationType"": ""Retaining Wall"", ""garage"": true, ""garageType"": ""Carport"", ""heating"": true, ""heatingType"": ""Forced Air"", ""roofType"": ""Asphalt"", ""roomCount"": 4, ""unitCount"": 1}",Single Family,R-1
224,"{""architectureType"": ""Split Entry"", ""cooling"": true, ""coolingType"": ""Commercial"", ""exteriorType"": ""Aluminum / Vinyl Siding"", ""fireplace"": true, ""floorCount"": 1, ""heating"": true, ""heatingType"": ""Forced Air"", ""roofType"": ""Composition Shingle"", ""roomCount"": 7, ""unitCount"": 1}",Single Family,R-3C(R-3 W/CLUSTER DEV)
225,"{""cooling"": true, ""coolingType"": ""Central"", ""exteriorType"": ""Other"", ""fireplace"": true, ""floorCount"": 1, ""foundationType"": ""OTHER"", ""garage"": true, ""garageType"": ""Garage"", ""heating"": true, ""heatingType"": ""Central"", ""roofType"": ""Wood Shingle"", ""unitCount"": 1}",Single Family,R-10
226,"{""architectureType"": ""Conventional"", ""cooling"": true, ""coolingType"": ""Commercial"", ""floorCount"": 2, ""garage"": true, ""garageSpaces"": 1, ""garageType"": ""Garage"", ""heating"": true, ""heatingType"": ""Central"", ""roomCount"": 12, ""unitCount"": 1}",Single Family,CERS5000
227,"{""architectureType"": ""Traditional"", ""cooling"": true, ""coolingType"": ""Commercial"", ""exteriorType"": ""Aluminum / Vinyl Siding"", ""floorCount"": 2, ""foundationType"": ""Slab / Mat / Raft"", ""garage"": true, ""garageType"": ""Garage"", ""heating"": true, ""heatingType"": ""Gas"", ""roofType"": ""Composition Shingle"", ""roomCount"": 6, ""unitCount"": 1}",Single Family,R12 - SINGLE FAMILY RES
228,"{""architectureType"": ""Conventional"", ""cooling"": true, ""coolingType"": ""Commercial"", ""exteriorType"": ""Combination"", ""fireplace"": true, ""floorCount"": 2, ""garage"": true, ""garageType"": ""Attached"", ""heating"": true, ""heatingType"": ""Forced Air"", ""roofType"": ""Composition Shingle"", ""roomCount"": 12, ""unitCount"": 1}",Single Family,R100M-SINGLE FAM RES
229,"{""cooling"": true, ""coolingType"": ""Central"", ""exteriorType"": ""Stone"", ""fireplace"": true, ""floorCount"": 1, ""foundationType"": ""Slab / Mat / Raft"", ""garage"": true, ""garageSpaces"": 2, ""garageType"": ""Attached"", ""heating"": true, ""heatingType"": ""Central"", ""roofType"": ""Composition Shingle"", ""unitCount"": 1}",Single Family,Unknown
230,"{""cooling"": true, ""coolingType"": ""Central"", ""exteriorType"": ""Brick Veneer"", ""floorCount"": 2, ""foundationType"": ""Slab / Mat / Raft"", ""garage"": true, ""garageSpaces"": 2, ""garageType"": ""Attached"", ""heating"": true, ""heatingType"": ""Central"", ""roomCount"": 12, ""unitCount"": 1}",Single Family,Unknown
231,"{""cooling"": true, ""coolingType"": ""Central"", ""exteriorType"": ""Wood"", ""floorCount"": 2, ""heating"": true, ""heatingType"": ""Central"", ""roomCount"": 13, ""unitCount"": 1}",Single Family,1210
232,"{""architectureType"": ""Traditional"", ""exteriorType"": ""Brick"", ""floorCount"": 2, ""heating"": true, ""heatingType"": ""Central"", ""roofType"": ""Slate"", ""roomCount"": 8, ""unitCount"": 1}",Single Family,Unknown
233,"{""architectureType"": ""Modular"", ""floorCount"": 1}",Manufactured,Unknown
234,"{""cooling"": true, ""coolingType"": ""Central"", ""exteriorType"": ""Wood"", ""fireplace"": true, ""floorCount"": 1, ""foundationType"": ""OTHER"", ""garage"": true, ""garageType"": ""Carport"", ""heating"": true, ""heatingType"": ""Central"", ""roofType"": ""Metal"", ""unitCount"": 1}",Single Family,Unknown
235,"{""cooling"": true, ""coolingType"": ""Central"", ""exteriorType"": ""Brick Veneer"", ""floorCount"": 1, ""foundationType"": ""Slab / Mat / Raft"", ""garage"": true, ""garageSpaces"": 2, ""garageType"": ""Attached"", ""heating"": true, ""heatingType"": ""Central"", ""roofType"": ""Composition Shingle"", ""unitCount"": 1}",Single Family,Z314
236,"{""architectureType"": ""Conventional"", ""cooling"": true, ""coolingType"": ""Central"", ""exteriorType"": ""Aluminum / Vinyl Siding"", ""floorCount"": 2, ""foundationType"": ""Slab / Mat / Raft"", ""heating"": true, ""heatingType"": ""Forced Air"", ""roofType"": ""Asphalt""}",Single Family,RS9
237,"{""cooling"": true, ""coolingType"": ""Central"", ""exteriorType"": ""Stucco"", ""floorCount"": 1, ""foundationType"": ""Slab / Mat / Raft"", ""garage"": true, ""garageType"": ""Carport"", ""roofType"": ""Composition Shingle"", ""unitCount"": 1}",Single Family,RS-3D
238,"{""cooling"": true, ""coolingType"": ""Central"", ""floorCount"": 2, ""foundationType"": ""OTHER"", ""garage"": true, ""garageType"": ""Mixed"", ""heating"": true, ""heatingType"": ""Forced Air"", ""roofType"": ""Composition Shingle"", ""roomCount"": 8}",Single Family,Unknown
239,"{""cooling"": true, ""coolingType"": ""Commercial"", ""exteriorType"": ""Stucco"", ""fireplace"": true, ""floorCount"": 1, ""foundationType"": ""Slab / Mat / Raft"", ""garage"": true, ""garageSpaces"": 2, ""garageType"": ""Garage"", ""heating"": true, ""heatingType"": ""Heat Pump"", ""roofType"": ""Wood Shingle"", ""unitCount"": 1}",Single Family,R1
240,"{""cooling"": true, ""coolingType"": ""Central"", ""exteriorType"": ""Brick Veneer"", ""floorCount"": 1, ""foundationType"": ""Slab / Mat / Raft"", ""garage"": true, ""garageSpaces"": 1, ""garageType"": ""Attached"", ""heating"": true, ""heatingType"": ""Central"", ""roomCount"": 7, ""unitCount"": 1}",Single Family,Unknown
241,"{""architectureType"": ""Ranch"", ""exteriorType"": ""Aluminum / Vinyl Siding"", ""floorCount"": 1, ""foundationType"": ""Slab / Mat / Raft"", ""garage"": true, ""garageType"": ""Carport"", ""heating"": true, ""heatingType"": ""Floor / Wall"", ""roofType"": ""Composition Shingle"", ""roomCount"": 4, ""unitCount"": 1}",Single Family,Unknown
242,"{""cooling"": true, ""coolingType"": ""Package"", ""fireplace"": true, ""floorCount"": 1, ""foundationType"": ""Footing"", ""garage"": true, ""garageSpaces"": 4, ""garageType"": ""Mixed"", ""heating"": true, ""roofType"": ""Metal"", ""unitCount"": 1}",Single Family,Unknown
243,"{""cooling"": true, ""coolingType"": ""Package"", ""exteriorType"": ""Siding"", ""floorCount"": 2, ""foundationType"": ""Footing"", ""garage"": true, ""garageType"": ""Attached"", ""heating"": true, ""heatingType"": ""Central"", ""roofType"": ""Composition Shingle"", ""unitCount"": 1}",Single Family,Unknown
244,"{""architectureType"": ""Ranch"", ""cooling"": true, ""coolingType"": ""Commercial"", ""exteriorType"": ""OTHER"", ""floorCount"": 1, ""heating"": true, ""heatingType"": ""Hot Water"", ""roofType"": ""Asphalt"", ""roomCount"": 10, ""unitCount"": 1}",Single Family,Unknown
245,"{""architectureType"": ""Row End or Row Middle"", ""exteriorType"": ""Brick"", ""floorCount"": 2, ""heating"": true, ""heatingType"": ""Forced Air"", ""roofType"": ""Composition Shingle"", ""roomCount"": 6, ""unitCount"": 1}",Condo,R3
246,"{""architectureType"": ""Cape Cod"", ""exteriorType"": ""Aluminum / Vinyl Siding"", ""floorCount"": 2, ""garage"": true, ""garageSpaces"": 1, ""garageType"": ""Basement"", ""heating"": true, ""heatingType"": ""Forced Air"", ""roomCount"": 5, ""unitCount"": 1}",Single Family,Unknown
247,"{""exteriorType"": ""Brick Veneer""}",Single Family,Unknown
248,"{""cooling"": true, ""coolingType"": ""Central"", ""exteriorType"": ""Wood Shingle"", ""floorCount"": 1, ""heating"": true, ""heatingType"": ""Forced Air"", ""roofType"": ""Composition Shingle"", ""unitCount"": 1}",Single Family,RLD-60
249,"{""cooling"": true, ""coolingType"": ""Wall"", ""exteriorType"": ""Wood"", ""fireplace"": true, ""fireplaceType"": ""2 Story"", ""foundationType"": ""Footing"", ""garage"": true, ""garageSpaces"": 3, ""garageType"": ""Garage"", ""heating"": true, ""roofType"": ""Wood Shingle"", ""unitCount"": 1}",Single Family,R-4.5
250,"{""architectureType"": ""Split Level"", ""cooling"": true, ""coolingType"": ""Commercial"", ""exteriorType"": ""Wood"", ""fireplace"": true, ""floorCount"": 2, ""garage"": true, ""garageType"": ""Attached"", ""heating"": true, ""heatingType"": ""Forced Air"", ""roofType"": ""Composition Shingle"", ""roomCount"": 11, ""unitCount"": 1}",Single Family,PRC(RESIDENTIAL DEVELOPME
251,"{""cooling"": true, ""coolingType"": ""Central"", ""exteriorType"": ""Combination"", ""floorCount"": 1, ""foundationType"": ""OTHER"", ""heating"": true, ""heatingType"": ""Heat Pump"", ""roofType"": ""Galvanized"", ""unitCount"": 1}",Single Family,R10
252,"{""cooling"": true, ""coolingType"": ""Commercial"", ""exteriorType"": ""Stucco"", ""floorCount"": 1, ""foundationType"": ""Slab / Mat / Raft"", ""garage"": true, ""garageType"": ""Attached"", ""heating"": true, ""heatingType"": ""Forced Air"", ""roofType"": ""Roll Tar & Gravel"", ""roomCount"": 7, ""unitCount"": 1}",Single Family,RSF3
253,"{""architectureType"": ""Contemporary"", ""exteriorType"": ""Concrete Block"", ""floorCount"": 1, ""foundationType"": ""OTHER"", ""garage"": true, ""garageType"": ""Garage"", ""roofType"": ""Composition Shingle"", ""roomCount"": 6}",Single Family,3
254,"{""exteriorType"": ""Brick Veneer"", ""floorCount"": 1, ""foundationType"": ""Slab / Mat / Raft"", ""garage"": true, ""garageType"": ""Attached"", ""roofType"": ""Composition Shingle"", ""unitCount"": 1}",Single Family,Unknown
255,"{""cooling"": true, ""coolingType"": ""Central"", ""exteriorType"": ""Brick Veneer"", ""fireplace"": true, ""fireplaceType"": ""2 Story"", ""floorCount"": 2, ""foundationType"": ""Raised"", ""garage"": true, ""garageSpaces"": 2, ""garageType"": ""Carport"", ""heating"": true, ""heatingType"": ""Central"", ""roofType"": ""Composition Shingle"", ""roomCount"": 6, ""unitCount"": 1}",Single Family,Unknown
256,{},Land,R40
257,"{""architectureType"": ""Townhouse"", ""cooling"": true, ""coolingType"": ""Central"", ""exteriorType"": ""OTHER"", ""fireplace"": true, ""floorCount"": 2, ""foundationType"": ""OTHER"", ""garage"": true, ""garageType"": ""Attached"", ""heating"": true, ""heatingType"": ""Forced Air"", ""roofType"": ""Composition Shingle"", ""unitCount"": 1}",Single Family,Unknown
258,"{""exteriorType"": ""Concrete Block"", ""floorCount"": 1, ""roofType"": ""Other"", ""unitCount"": 1}",Single Family,"0100:SINGLE FAM,GENERAL"
259,"{""architectureType"": ""Condo / Apartment"", ""cooling"": true, ""coolingType"": ""Commercial"", ""exteriorType"": ""Wood"", ""floorCount"": 1, ""garage"": true, ""garageType"": ""Attached"", ""heating"": true, ""unitCount"": 1, ""viewType"": ""Average""}",Condo,Unknown
260,"{""architectureType"": ""Ranch"", ""cooling"": true, ""coolingType"": ""Central"", ""exteriorType"": ""Aluminum / Vinyl Siding"", ""fireplace"": true, ""fireplaceType"": ""Prefab"", ""floorCount"": 1, ""foundationType"": ""Footing"", ""garage"": true, ""garageType"": ""Detached"", ""heating"": true, ""heatingType"": ""Forced Air"", ""roofType"": ""Wood Shingle"", ""unitCount"": 1}",Single Family,R-20
261,"{""architectureType"": ""Conventional"", ""cooling"": true, ""coolingType"": ""Central"", ""exteriorType"": ""Brick"", ""fireplace"": true, ""floorCount"": 2, ""foundationType"": ""Raised"", ""garage"": true, ""garageSpaces"": 2, ""garageType"": ""Carport"", ""heating"": true, ""heatingType"": ""Central"", ""roofType"": ""Composition Shingle"", ""roomCount"": 6, ""unitCount"": 1}",Single Family,R-6
262,"{""architectureType"": ""Conventional"", ""cooling"": true, ""coolingType"": ""Central"", ""exteriorType"": ""Aluminum / Vinyl Siding"", ""fireplace"": true, ""floorCount"": 2, ""garage"": true, ""garageSpaces"": 2, ""garageType"": ""Attached"", ""heating"": true, ""roomCount"": 8, ""unitCount"": 1}",Single Family,Unknown
263,"{""floorCount"": 2, ""garage"": true, ""garageSpaces"": 2, ""garageType"": ""Detached Garage"", ""unitCount"": 2}",Single Family,Unknown
264,"{""floorCount"": 2, ""garage"": true, ""garageType"": ""Garage"", ""roomCount"": 6, ""unitCount"": 1}",Single Family,Unknown
265,"{""architectureType"": ""Modern"", ""cooling"": true, ""coolingType"": ""Central"", ""exteriorType"": ""Wood"", ""fireplace"": true, ""floorCount"": 3, ""heating"": true, ""heatingType"": ""Central""}",Single Family,X
266,"{""cooling"": true, ""coolingType"": ""Central"", ""exteriorType"": ""Concrete Block"", ""floorCount"": 1, ""garage"": true, ""garageType"": ""Garage"", ""heating"": true, ""heatingType"": ""Forced Air"", ""roofType"": ""Composition Shingle"", ""unitCount"": 1}",Single Family,RSF-2
267,"{""architectureType"": ""Split Level"", ""cooling"": true, ""coolingType"": ""Commercial"", ""exteriorType"": ""Aluminum / Vinyl Siding"", ""fireplace"": true, ""foundationType"": ""OTHER"", ""garage"": true, ""garageType"": ""Attached"", ""heating"": true, ""heatingType"": ""Central"", ""roofType"": ""Composition Shingle"", ""roomCount"": 5}",Single Family,Unknown
268,"{""cooling"": true, ""coolingType"": ""Central"", ""exteriorType"": ""Wood"", ""floorCount"": 1, ""heating"": true, ""heatingType"": ""Central"", ""roofType"": ""Shingle"", ""roomCount"": 5, ""unitCount"": 1}",Single Family,Unknown
269,"{""cooling"": true, ""coolingType"": ""Commercial"", ""exteriorType"": ""Wood"", ""fireplace"": true, ""floorCount"": 2, ""foundationType"": ""Concrete"", ""garage"": true, ""garageSpaces"": 2, ""garageType"": ""Attached"", ""heating"": true, ""heatingType"": ""Forced Air"", ""roomCount"": 9, ""unitCount"": 1}",Single Family,R1C
270,"{""architectureType"": ""Ranch"", ""exteriorType"": ""Brick"", ""floorCount"": 1, ""garage"": true, ""garageSpaces"": 2, ""garageType"": ""Carport"", ""heating"": true, ""heatingType"": ""Central"", ""roofType"": ""Asphalt"", ""roomCount"": 9, ""unitCount"": 1}",Single Family,1108
271,"{""architectureType"": ""Conventional"", ""cooling"": true, ""coolingType"": ""Commercial"", ""floorCount"": 2, ""garage"": true, ""garageSpaces"": 1, ""garageType"": ""Garage"", ""heating"": true, ""heatingType"": ""Central"", ""roomCount"": 12, ""unitCount"": 1}",Single Family,SCUR2
272,"{""architectureType"": ""Conventional"", ""cooling"": true, ""coolingType"": ""Central"", ""exteriorType"": ""Brick Veneer"", ""fireplace"": true, ""fireplaceType"": ""Single"", ""floorCount"": 2, ""garage"": true, ""garageSpaces"": 3, ""garageType"": ""Detached"", ""heating"": true, ""heatingType"": ""Central"", ""pool"": true, ""poolType"": ""In-Ground Vinyl Pool"", ""roomCount"": 9, ""unitCount"": 1}",Single Family,R-1
273,"{""architectureType"": ""Contemporary"", ""cooling"": true, ""coolingType"": ""Central"", ""exteriorType"": ""Stucco"", ""fireplace"": true, ""floorCount"": 2, ""foundationType"": ""Slab / Mat / Raft"", ""garage"": true, ""garageType"": ""Mixed"", ""heating"": true, ""heatingType"": ""Forced Air"", ""roofType"": ""Metal"", ""roomCount"": 7, ""unitCount"": 1}",Single Family,Unknown
274,"{""cooling"": true, ""coolingType"": ""Central"", ""exteriorType"": ""Wood"", ""floorCount"": 2, ""garage"": true, ""garageType"": ""Attached"", ""heating"": true, ""heatingType"": ""Central"", ""roofType"": ""Asphalt"", ""roomCount"": 8, ""unitCount"": 1}",Single Family,R
275,"{""cooling"": true, ""coolingType"": ""Central"", ""exteriorType"": ""Aluminum / Vinyl Siding"", ""floorCount"": 2, ""garage"": true, ""garageSpaces"": 1, ""garageType"": ""Detached"", ""heating"": true, ""heatingType"": ""Central"", ""roofType"": ""Composition Shingle""}",Single Family,R5-RESIDENTIAL SINGLE FAM
276,"{""cooling"": true, ""coolingType"": ""Refrigeration"", ""exteriorType"": ""Wood"", ""floorCount"": 2, ""garage"": true, ""garageSpaces"": 2, ""garageType"": ""Garage"", ""heating"": true, ""roofType"": ""Concrete Tile""}",Single Family,D
277,"{""cooling"": true, ""coolingType"": ""Central"", ""exteriorType"": ""Stucco"", ""fireplace"": true, ""fireplaceType"": ""Single"", ""floorCount"": 2, ""foundationType"": ""Slab"", ""garage"": true, ""garageSpaces"": 1, ""garageType"": ""Carport"", ""heating"": true, ""heatingType"": ""Heat Pump"", ""pool"": true, ""poolType"": ""Pool, Concrete"", ""roomCount"": 9, ""unitCount"": 1}",Single Family,6115
278,"{""cooling"": true, ""exteriorType"": ""Siding"", ""fireplace"": true, ""floorCount"": 2, ""unitCount"": 1, ""architectureType"": ""Townhouse"", ""coolingType"": ""Commercial"", ""heating"": true, ""heatingType"": ""Forced Air"", ""roofType"": ""Composition Shingle""}",Condo,Unknown
279,"{""cooling"": true, ""coolingType"": ""Central"", ""exteriorType"": ""Brick"", ""fireplace"": true, ""floorCount"": 1, ""foundationType"": ""Slab / Mat / Raft"", ""garage"": true, ""garageType"": ""Attached"", ""heating"": true, ""heatingType"": ""Central"", ""roofType"": ""Composition Shingle"", ""unitCount"": 1}",Single Family,SFR
280,"{""architectureType"": ""Condo / Apartment"", ""unitCount"": 1}",Condo,R-3A
281,"{""cooling"": true, ""coolingType"": ""Central"", ""exteriorType"": ""Stucco"", ""floorCount"": 1, ""garage"": true, ""garageType"": ""Attached"", ""heating"": true, ""heatingType"": ""Forced Air"", ""roofType"": ""Tile"", ""roomCount"": 5, ""unitCount"": 1}",Single Family,Unknown
282,"{""architectureType"": ""Conventional"", ""cooling"": true, ""coolingType"": ""Central"", ""exteriorType"": ""Brick"", ""floorCount"": 2, ""garage"": true, ""garageSpaces"": 2, ""garageType"": ""Basement"", ""heating"": true, ""roomCount"": 5}",Condo,Unknown
283,"{""architectureType"": ""Split Level"", ""cooling"": true, ""coolingType"": ""Commercial"", ""exteriorType"": ""Aluminum / Vinyl Siding"", ""fireplace"": true, ""floorCount"": 2, ""garage"": true, ""garageType"": ""Attached"", ""heating"": true, ""heatingType"": ""Heat Pump"", ""roofType"": ""Composition Shingle"", ""roomCount"": 8, ""unitCount"": 1}",Single Family,PRC(GENERAL COMBINATION D
284,"{""architectureType"": ""Townhouse"", ""cooling"": true, ""coolingType"": ""Commercial"", ""exteriorType"": ""Vinyl"", ""floorCount"": 1, ""foundationType"": ""Slab / Mat / Raft"", ""garage"": true, ""garageType"": ""Garage"", ""heating"": true, ""heatingType"": ""Forced Air"", ""roofType"": ""Asphalt"", ""unitCount"": 1}",Single Family,Unknown
285,"{""cooling"": true, ""coolingType"": ""Refrigeration"", ""exteriorType"": ""Brick"", ""floorCount"": 1, ""garage"": true, ""garageSpaces"": 1, ""garageType"": ""Carport"", ""heating"": true, ""heatingType"": ""Forced Air"", ""roofType"": ""Asphalt"", ""roomCount"": 7, ""unitCount"": 1}",Single Family,R-7
286,"{""cooling"": true, ""coolingType"": ""Central"", ""floorCount"": 1, ""garage"": true, ""garageSpaces"": 2, ""garageType"": ""Garage"", ""heating"": true, ""heatingType"": ""Central"", ""unitCount"": 1, ""pool"": true, ""poolType"": ""Community Pool""}",Single Family,Unknown
287,"{""architectureType"": ""Conventional"", ""exteriorType"": ""Aluminum / Vinyl Siding"", ""floorCount"": 1, ""foundationType"": ""Block"", ""roofType"": ""Metal"", ""unitCount"": 1}",Single Family,4
288,"{""architectureType"": ""Conventional"", ""cooling"": true, ""coolingType"": ""Commercial"", ""exteriorType"": ""Aluminum / Vinyl Siding"", ""fireplace"": true, ""floorCount"": 1, ""garage"": true, ""garageSpaces"": 1, ""garageType"": ""Attached Garage"", ""heating"": true, ""heatingType"": ""Forced Air"", ""roofType"": ""Composition Shingle"", ""unitCount"": 1}",Single Family,Unknown
289,"{""floorCount"": 1, ""garage"": true, ""garageSpaces"": 1, ""garageType"": ""Garage"", ""heating"": true, ""roomCount"": 5, ""unitCount"": 1}",Single Family,R1
290,"{""architectureType"": ""Traditional"", ""exteriorType"": ""Composition"", ""floorCount"": 2, ""foundationType"": ""Raised"", ""heating"": true, ""heatingType"": ""Forced Air"", ""unitCount"": 1}",Single Family,N-2R
291,"{""architectureType"": ""Bi-Level"", ""cooling"": true, ""coolingType"": ""Central"", ""exteriorType"": ""Wood"", ""fireplace"": true, ""fireplaceType"": ""Single"", ""floorCount"": 1, ""foundationType"": ""OTHER"", ""garage"": true, ""garageSpaces"": 2, ""garageType"": ""Basement"", ""heating"": true, ""heatingType"": ""Forced Air"", ""roofType"": ""Composition Shingle"", ""roomCount"": 7}",Single Family,R-1
292,"{""floorCount"": 2, ""garage"": true, ""garageType"": ""Attached""}",Single Family,Unknown
293,NaN,Townhouse,Unknown
294,"{""architectureType"": ""Condo / Apartment"", ""floorCount"": 1, ""foundationType"": ""Slab / Mat / Raft"", ""garage"": true, ""garageType"": ""Carport"", ""roofType"": ""Composition Shingle""}",Condo,Unknown
295,"{""cooling"": true, ""exteriorType"": ""Brick"", ""floorCount"": 2, ""garage"": true, ""garageSpaces"": 2, ""garageType"": ""Attached"", ""heating"": true, ""unitCount"": 2, ""architectureType"": ""Multi-Unit Building"", ""coolingType"": ""Commercial""}",Duplex-Triplex,R4
296,"{""cooling"": true, ""coolingType"": ""Central"", ""exteriorType"": ""Combination"", ""fireplace"": true, ""floorCount"": 1, ""foundationType"": ""OTHER"", ""heating"": true, ""heatingType"": ""Central"", ""roofType"": ""Shingle"", ""unitCount"": 1, ""architectureType"": ""Split Foyer""}",Single Family,R-1
297,"{""architectureType"": ""Conventional"", ""cooling"": true, ""coolingType"": ""Commercial"", ""exteriorType"": ""Wood"", ""fireplace"": true, ""floorCount"": 2, ""foundationType"": ""Pier"", ""garage"": true, ""garageSpaces"": 6, ""garageType"": ""Underground / Basement"", ""heating"": true, ""heatingType"": ""Steam"", ""roofType"": ""Composition Shingle"", ""unitCount"": 1}",Duplex-Triplex,BDM
298,"{""architectureType"": ""Single Story"", ""cooling"": true, ""coolingType"": ""Central"", ""exteriorType"": ""Vinyl"", ""floorCount"": 1, ""garage"": true, ""garageType"": ""Attached"", ""heating"": true, ""heatingType"": ""Forced Air"", ""roofType"": ""Asphalt"", ""roomCount"": 9, ""foundationType"": ""OTHER""}",Single Family,Unknown
299,"{""garage"": true, ""garageType"": ""Garage""}",Single Family,Unknown
300,"{""architectureType"": ""Bungalow"", ""cooling"": true, ""coolingType"": ""Wall"", ""exteriorType"": ""Wood"", ""floorCount"": 1, ""heating"": true, ""heatingType"": ""Forced Air"", ""roomCount"": 4, ""unitCount"": 1}",Single Family,R
301,"{""architectureType"": ""Townhouse"", ""cooling"": true, ""coolingType"": ""Central"", ""exteriorType"": ""Combination"", ""floorCount"": 2, ""foundationType"": ""Slab"", ""heating"": true, ""heatingType"": ""Heat Pump"", ""roofType"": ""Composition Shingle"", ""roomCount"": 6, ""unitCount"": 1}",Condo,RTHC
302,"{""cooling"": true, ""coolingType"": ""Commercial"", ""exteriorType"": ""OTHER"", ""floorCount"": 1, ""garage"": true, ""garageType"": ""Carport"", ""heating"": true, ""heatingType"": ""Forced Air"", ""roofType"": ""Composition Shingle"", ""unitCount"": 1}",Single Family,AR
303,"{""cooling"": true, ""coolingType"": ""Central"", ""exteriorType"": ""Brick"", ""floorCount"": 1, ""foundationType"": ""Slab / Mat / Raft"", ""garage"": true, ""garageType"": ""Garage"", ""heating"": true, ""heatingType"": ""Central"", ""roofType"": ""Composition Shingle"", ""unitCount"": 1}",Single Family,RS
304,"{""cooling"": true, ""coolingType"": ""Central"", ""exteriorType"": ""Brick"", ""foundationType"": ""Block"", ""heating"": true, ""heatingType"": ""Heat Pump"", ""roofType"": ""Composition Shingle"", ""roomCount"": 5, ""floorCount"": 1}",Single Family,C-G
305,"{""architectureType"": ""Conventional"", ""cooling"": true, ""coolingType"": ""Central"", ""exteriorType"": ""Brick"", ""fireplace"": true, ""floorCount"": 1, ""foundationType"": ""Raised"", ""garage"": true, ""garageType"": ""Garage"", ""heating"": true, ""heatingType"": ""Central"", ""roomCount"": 6, ""unitCount"": 1}",Single Family,R-4
306,"{""architectureType"": ""Condo / Apartment"", ""fireplace"": true, ""floorCount"": 6, ""garage"": true, ""garageSpaces"": 1, ""garageType"": ""Underground / Basement"", ""unitCount"": 106, ""viewType"": ""Waterfront / Beach, High Traffic Area""}",Condo,NC2P-65
307,"{""cooling"": true, ""coolingType"": ""Central"", ""fireplace"": true, ""floorCount"": 2, ""foundationType"": ""Slab / Mat / Raft"", ""garage"": true, ""garageSpaces"": 2, ""garageType"": ""Attached"", ""heating"": true, ""heatingType"": ""Central"", ""roofType"": ""Tile"", ""roomCount"": 8, ""unitCount"": 1}",Single Family,RD-5
308,"{""exteriorType"": ""Wood Siding"", ""fireplace"": true, ""floorCount"": 1, ""foundationType"": ""Crawl / Raised"", ""garage"": true, ""garageSpaces"": 2, ""garageType"": ""Attached"", ""heating"": true, ""heatingType"": ""Baseboard"", ""roofType"": ""Composition Shingle"", ""roomCount"": 5, ""unitCount"": 1}",Single Family,N3
309,"{""exteriorType"": ""Brick"", ""fireplace"": true, ""fireplaceType"": ""Single"", ""floorCount"": 1, ""garage"": true, ""garageSpaces"": 1, ""garageType"": ""Detached Garage"", ""heating"": true, ""heatingType"": ""Forced Air"", ""roofType"": ""Asphalt""}",Single Family,R1
310,"{""cooling"": true, ""coolingType"": ""Central"", ""exteriorType"": ""Stucco"", ""floorCount"": 1, ""foundationType"": ""Slab / Mat / Raft"", ""garage"": true, ""garageType"": ""Garage"", ""heating"": true, ""heatingType"": ""Central"", ""roofType"": ""Composition Shingle"", ""unitCount"": 1}",Single Family,RS
311,"{""architectureType"": ""Condo / Apartment"", ""cooling"": true, ""coolingType"": ""Commercial"", ""exteriorType"": ""Wood"", ""fireplace"": true, ""floorCount"": 1, ""garage"": true, ""garageSpaces"": 3, ""garageType"": ""Detached"", ""heating"": true, ""heatingType"": ""Forced Air"", ""roofType"": ""Composition Shingle"", ""roomCount"": 5, ""unitCount"": 1}",Condo,R5
312,"{""architectureType"": ""Contemporary"", ""cooling"": true, ""coolingType"": ""Central"", ""exteriorType"": ""Stucco"", ""floorCount"": 2, ""garage"": true, ""garageSpaces"": 2, ""garageType"": ""Garage"", ""heating"": true, ""heatingType"": ""Central"", ""pool"": true, ""poolType"": ""Pool, Concrete"", ""roofType"": ""Composition Shingle"", ""unitCount"": 1}",Single Family,PD
313,"{""architectureType"": ""Two Family"", ""cooling"": true, ""coolingType"": ""Commercial"", ""exteriorType"": ""Masonry"", ""floorCount"": 2, ""garage"": true, ""garageSpaces"": 2, ""garageType"": ""Attached Garage"", ""roofType"": ""Shingle (Not Wood)"", ""unitCount"": 3}",Apartment,Unknown
314,"{""architectureType"": ""Condo / Apartment"", ""cooling"": true, ""coolingType"": ""Central"", ""exteriorType"": ""Brick"", ""floorCount"": 1, ""heating"": true, ""heatingType"": ""Forced Air"", ""roomCount"": 6, ""unitCount"": 1}",Condo,R1
315,"{""architectureType"": ""Conventional"", ""cooling"": true, ""coolingType"": ""Commercial"", ""exteriorType"": ""Wood"", ""fireplace"": true, ""floorCount"": 2, ""garage"": true, ""garageSpaces"": 1, ""garageType"": ""Attached Garage"", ""heating"": true, ""heatingType"": ""Forced Air"", ""roofType"": ""Composition Shingle"", ""unitCount"": 1}",Single Family,RSF65
316,"{""cooling"": true, ""coolingType"": ""Central"", ""exteriorType"": ""Brick"", ""fireplace"": true, ""floorCount"": 1, ""foundationType"": ""Masonry"", ""heating"": true, ""heatingType"": ""Forced Air"", ""roofType"": ""Asphalt"", ""unitCount"": 1}",Single Family,R1 RESIDENTIAL
317,"{""architectureType"": ""Raised Ranch"", ""roomCount"": 6}",Single Family,BUXTON
318,"{""architectureType"": ""Condo / Apartment"", ""cooling"": true, ""coolingType"": ""Central"", ""exteriorType"": ""Concrete Block"", ""floorCount"": 1, ""foundationType"": ""Slab"", ""garage"": true, ""garageSpaces"": 1, ""garageType"": ""Detached"", ""heating"": true, ""heatingType"": ""Central"", ""roofType"": ""Composition Shingle""}",Condo,Unknown
319,"{""architectureType"": ""Mobile Home"", ""floorCount"": 1}",Manufactured,Unknown
320,"{""architectureType"": ""Conventional"", ""cooling"": true, ""coolingType"": ""Evaporative"", ""exteriorType"": ""Wood"", ""fireplace"": true, ""floorCount"": 2, ""foundationType"": ""Pier / Post & Beam"", ""garage"": true, ""garageType"": ""Attached"", ""heating"": true, ""heatingType"": ""Forced Air"", ""roofType"": ""Asphalt"", ""unitCount"": 1}",Single Family,RU
321,"{""cooling"": true, ""coolingType"": ""Refrigeration"", ""exteriorType"": ""Block"", ""floorCount"": 1, ""garage"": true, ""garageSpaces"": 1, ""garageType"": ""Mixed"", ""heating"": true, ""heatingType"": ""Forced Air"", ""roofType"": ""Asphalt"", ""roomCount"": 7, ""unitCount"": 1}",Single Family,R-6
322,"{""cooling"": true, ""coolingType"": ""Window"", ""exteriorType"": ""Brick Veneer"", ""floorCount"": 1, ""foundationType"": ""Pier / Post & Beam"", ""garage"": true, ""garageSpaces"": 2, ""garageType"": ""Attached"", ""heating"": true, ""heatingType"": ""Central"", ""roofType"": ""Composition Shingle"", ""unitCount"": 1}",Single Family,Z298
323,"{""cooling"": true, ""coolingType"": ""Central"", ""exteriorType"": ""OTHER"", ""floorCount"": 2, ""foundationType"": ""OTHER"", ""garage"": true, ""garageType"": ""Attached"", ""heating"": true, ""heatingType"": ""Central"", ""roofType"": ""Composition Shingle"", ""roomCount"": 7, ""unitCount"": 1}",Single Family,Unknown
324,"{""architectureType"": ""Conventional"", ""cooling"": true, ""coolingType"": ""Commercial"", ""exteriorType"": ""Brick / Stone"", ""fireplace"": true, ""floorCount"": 2, ""foundationType"": ""OTHER"", ""garage"": true, ""garageType"": ""Attached"", ""heating"": true, ""heatingType"": ""Forced Air"", ""roofType"": ""Asphalt"", ""roomCount"": 7, ""unitCount"": 1}",Single Family,Unknown
325,"{""cooling"": true, ""coolingType"": ""Central"", ""exteriorType"": ""Aluminum / Vinyl Siding"", ""fireplace"": true, ""fireplaceType"": ""Gas Log"", ""floorCount"": 2, ""garage"": true, ""garageType"": ""Attached"", ""heating"": true, ""heatingType"": ""Forced Air"", ""roofType"": ""Composition Shingle"", ""roomCount"": 7, ""unitCount"": 1}",Single Family,Unknown
326,"{""cooling"": true, ""coolingType"": ""Central"", ""exteriorType"": ""Brick Veneer"", ""fireplace"": true, ""floorCount"": 1, ""foundationType"": ""Footing"", ""garage"": true, ""garageType"": ""Garage"", ""heating"": true, ""heatingType"": ""Heat Pump"", ""roofType"": ""Asphalt"", ""unitCount"": 1}",Single Family,NR
327,"{""architectureType"": ""Other"", ""exteriorType"": ""Aluminum / Vinyl Siding"", ""floorCount"": 2, ""garage"": true, ""garageType"": ""Garage"", ""heating"": true, ""heatingType"": ""Steam"", ""roofType"": ""Asphalt"", ""roomCount"": 7}",Single Family,Unknown
328,"{""cooling"": true, ""exteriorType"": ""Aluminum / Vinyl Siding"", ""floorCount"": 1, ""garage"": true, ""garageType"": ""Carport"", ""heating"": true, ""roomCount"": 11}",Single Family,Unknown
329,"{""architectureType"": ""Ranch"", ""cooling"": true, ""coolingType"": ""Central"", ""exteriorType"": ""Aluminum / Vinyl Siding"", ""floorCount"": 1, ""garage"": true, ""garageType"": ""Garage"", ""heating"": true, ""heatingType"": ""Forced Air"", ""roomCount"": 7, ""unitCount"": 1}",Single Family,R3
330,"{""cooling"": true, ""coolingType"": ""Central"", ""exteriorType"": ""Brick / Stone"", ""fireplace"": true, ""fireplaceType"": ""Prefab"", ""floorCount"": 2, ""foundationType"": ""Masonry"", ""garage"": true, ""garageType"": ""Garage"", ""heating"": true, ""heatingType"": ""Central"", ""roofType"": ""Wood"", ""roomCount"": 5, ""unitCount"": 1}",Single Family,R1
331,"{""architectureType"": ""Condo / Apartment"", ""cooling"": true, ""coolingType"": ""Central"", ""exteriorType"": ""Stone"", ""floorCount"": 1, ""heating"": true, ""heatingType"": ""Forced Air"", ""roomCount"": 5, ""unitCount"": 1}",Condo,RG4C
332,"{""cooling"": true, ""coolingType"": ""Central"", ""exteriorType"": ""Combination"", ""floorCount"": 1, ""foundationType"": ""Slab / Mat / Raft"", ""garage"": true, ""garageType"": ""Garage"", ""heating"": true, ""heatingType"": ""Central""}",Single Family,Unknown
333,"{""cooling"": true, ""coolingType"": ""Central"", ""fireplace"": true, ""floorCount"": 1, ""garage"": true, ""garageSpaces"": 2, ""garageType"": ""Garage"", ""heating"": true, ""heatingType"": ""Central"", ""roomCount"": 6, ""unitCount"": 1}",Single Family,Unknown
334,"{""architectureType"": ""Split Level"", ""cooling"": true, ""coolingType"": ""Central"", ""exteriorType"": ""Brick / Stone"", ""fireplace"": true, ""floorCount"": 2, ""garage"": true, ""garageType"": ""Attached"", ""roofType"": ""Shingle"", ""unitCount"": 1}",Single Family,Unknown
335,"{""cooling"": true, ""coolingType"": ""Central"", ""exteriorType"": ""Brick / Stone"", ""fireplace"": true, ""floorCount"": 1, ""foundationType"": ""Masonry"", ""garage"": true, ""garageType"": ""Carport"", ""heating"": true, ""heatingType"": ""Central"", ""roofType"": ""Asphalt"", ""roomCount"": 6, ""unitCount"": 1, ""viewType"": ""Corner, Waterfront""}",Single Family,COMMERCIAL
336,"{""cooling"": true, ""coolingType"": ""Commercial"", ""exteriorType"": ""Concrete"", ""floorCount"": 1, ""foundationType"": ""Slab / Mat / Raft"", ""garage"": true, ""garageSpaces"": 2, ""garageType"": ""Attached"", ""heating"": true, ""heatingType"": ""Forced Air"", ""roofType"": ""Composition Shingle"", ""unitCount"": 1}",Single Family,R
337,"{""architectureType"": ""Ranch"", ""cooling"": true, ""coolingType"": ""Central"", ""exteriorType"": ""Brick"", ""fireplace"": true, ""floorCount"": 1, ""foundationType"": ""Raised"", ""garage"": true, ""garageSpaces"": 1, ""garageType"": ""Carport"", ""heating"": true, ""heatingType"": ""Heat Pump"", ""roomCount"": 6, ""unitCount"": 1}",Single Family,Unknown
338,"{""architectureType"": ""Colonial"", ""cooling"": true, ""coolingType"": ""Commercial"", ""exteriorType"": ""Aluminum / Vinyl Siding"", ""fireplace"": true, ""floorCount"": 2, ""foundationType"": ""Block"", ""garage"": true, ""garageType"": ""Attached"", ""roofType"": ""Shingle"", ""roomCount"": 9, ""unitCount"": 1}",Single Family,PAC
339,"{""cooling"": true, ""coolingType"": ""Commercial"", ""exteriorType"": ""Aluminum / Vinyl Siding"", ""floorCount"": 1, ""foundationType"": ""Footing"", ""garage"": true, ""garageType"": ""Garage"", ""heating"": true, ""heatingType"": ""Heat Pump"", ""unitCount"": 1}",Single Family,R1:SINGLE FAM RES
340,"{""exteriorType"": ""Aluminum / Vinyl Siding"", ""floorCount"": 1, ""foundationType"": ""Raised""}",Single Family,R-1C
341,"{""architectureType"": ""Split Level"", ""cooling"": true, ""coolingType"": ""Central"", ""exteriorType"": ""Brick"", ""fireplace"": true, ""fireplaceType"": ""Single"", ""floorCount"": 1, ""garage"": true, ""garageSpaces"": 2, ""garageType"": ""Basement"", ""heating"": true, ""heatingType"": ""Central"", ""roomCount"": 8, ""unitCount"": 1}",Single Family,Unknown
342,"{""cooling"": true, ""coolingType"": ""Central"", ""exteriorType"": ""Aluminum / Vinyl Siding"", ""floorCount"": 1, ""foundationType"": ""Masonry"", ""heating"": true, ""heatingType"": ""Central"", ""roofType"": ""Asphalt"", ""unitCount"": 1}",Single Family,A1
